iso2,name
CN,China
HK,Hong Kong SAR
MO,Macao SAR
TW,Taiwan
VN,Viet Nam
TH,
MY,Malaysia
SG,Singapore
ID,Indonesia
PH,Philippines
MM,Myanmar
KH,Cambodia
BN,Brunei Darussalam
TL,Timor-Leste
IN,India
LK,Sri Lanka
PK,Pakistan
BD,Bangladesh
MV,Maldives
AE,United Arab Emirates
SA,Saudi Arabia
OM,Oman
QA,Qatar
KW,Kuwait
BH,Bahrain
IR,Iran
IQ,Iraq
YE,Yemen
JO,Jordan
IL,Israel
TR,Turkiye
KE,Kenya
TZ,Tanzania
DJ,Djibouti
ET,Ethiopia
EG,Egypt
SD,Sudan
SO,Somalia
MZ,Mozambique
MG,Madagascar
GR,Greece
IT,Italy
PT,Portugal
ES,Spain
MT,Malta
HR,Croatia
ME,Montenegro
FJ,Fiji
PG,Papua New Guinea
WS,Samoa
TO,Tonga
VU,Vanuatu
SB,Solomon Islands
KZ,Kazakhstan
UZ,Uzbekistan
TM,Turkmenistan
AZ,Azerbaijan
GE,Georgia
RU,Russian Federation
