port_code,country_code,is_bri,n_corridors
VNHCM,VN,True,65
SEGAV,SE,False,15
ITANC,IT,True,10
CNHGG,CN,True,1
NZBLF,NZ,False,5
THKSI,TH,True,2
TWKEE,TW,True,39
KRYOS,KR,False,2
CLPAR,CL,False,4
CWWIL,VE,False,11
PTFNC,PT,True,4
CDBOA,CD,False,2
JPAKI,JP,False,9
BRSAL,BR,False,13
CNDSN,CN,True,3
MATAN,MA,False,98
DEBHN,DE,False,60
CNWHN,CN,True,36
AUSYD,AU,False,31
BHBAH,BH,True,14
TZDRS,TZ,True,16
CNLAZ,CN,True,2
ITGOA,IT,True,33
PHSFS,PH,True,19
AWBAR,AW,False,7
GRELE,GR,True,1
FRDKK,FR,False,18
NGLAG,NG,False,19
PECAL,PE,False,27
AOCAB,AO,False,1
SOMOG,SO,True,5
DKFRE,DK,False,15
CNLVS,CN,True,8
IDJAK,ID,True,62
CVPAL,CV,False,3
VNVIN,VN,True,4
CLLIR,CL,False,8
CNPGN,CN,True,5
AUADE,AU,False,6
IDTEI,ID,True,4
GBLIV,GB,False,19
KRDAN,KR,False,5
GAPGE,GA,False,3
ITVEN,IT,True,17
GLFRE,GL,False,3
PGBUK,PG,True,2
JPSEN,JP,False,10
ESMAL,ES,True,22
ITTAR,IT,True,4
TRANT,TR,True,7
JPSDJ,JP,False,17
CIABI,CI,False,34
IDGRE,ID,True,1
ISHUS,IS,False,4
RUNJK,RU,True,7
MYKUC,MY,True,15
ITRAV,IT,True,14
BZBGC,BZ,False,4
TNBIZ,TN,False,1
JOAQA,JO,True,15
DELUB,DE,False,4
ECPSJ,EC,False,13
FRSNA,FR,False,18
IDDMI,ID,True,2
CNYIC,CN,True,10
USMEE,US,False,6
VNCHL,VN,True,10
CLANT,CL,False,7
VNNGH,VN,True,4
SGSGP,SG,True,170
IQFAO,IQ,True,2
JPKOC,JP,False,9
NCNOA,NC,False,16
KHSSK,KH,True,14
USHOU,US,False,35
IDSOR,ID,True,8
TRIST,TR,True,5
JPYAT,JP,False,10
INBOM,IN,True,1
CNHIA,CN,True,13
ITSAL,IT,True,29
CNJMN,CN,True,16
CNWXA,CN,True,7
SENOR,SE,False,9
CNYIB,CN,True,3
RUSPG,RU,True,32
CLIQU,CL,False,10
JPSKI,JP,False,12
FIKOK,FI,False,2
PTVEL,PT,True,3
KRULS,KR,False,32
DECUX,DE,False,3
PTAVE,PT,True,5
KNBAS,KN,False,3
IDWGP,ID,True,2
CMDUA,CM,False,12
ISSKA,IS,False,4
PHPPS,PH,True,1
AUGLE,AU,False,4
KRPOH,KR,False,5
IDKUP,ID,True,10
CNQUA,CN,True,41
JPKNA,JP,False,15
GBFEL,GB,False,32
JPIRI,JP,False,16
GBBEL,GB,False,8
PWROR,PW,False,3
TVFUI,TV,False,1
IDTBO,ID,True,4
JPHIM,JP,False,2
CNNBO,CN,True,123
IDPBM,ID,True,2
CNZHH,CN,True,16
HKHKG,HK,True,104
FIKOT,FI,False,17
ESVAL,ES,True,91
MRNOU,MR,False,13
MQFDF,MQ,False,13
CNWUJ,CN,True,4
IDLWE,ID,True,2
JPNTA,JP,False,16
NZNEL,NZ,False,8
NLMDK,NL,False,10
ILHFA,IL,True,27
SAJUB,SA,True,9
NOSGN,NO,False,7
TRYAR,TR,True,38
CNFUZ,CN,True,21
AUNTL,AU,False,1
CNMEZ,CN,True,5
GLILU,GL,False,3
INNYY,,False,3
CNJYG,CN,True,2
PHNPT,PH,True,3
GDSTG,GD,False,7
CNPLI,CN,True,4
USLGB,US,False,31
UAIZM,UA,False,4
USGUL,US,False,6
MXMAN,MX,False,32
CNJJI,CN,True,3
RUBRA,RU,True,3
IDFTG,ID,True,2
CNDNG,CN,True,15
NAWVB,,False,14
PEMAT,PE,False,2
CGPNO,CG,False,24
JPTKU,JP,False,14
TRATV,TR,True,8
SYLAT,SY,False,10
ITGIT,IT,True,69
GRIRA,GR,True,2
NLVSG,NL,False,7
CNWEN,CN,True,30
CNZGE,CN,True,2
CRPTC,CR,False,12
RUKGD,RU,True,6
ISRDJ,IS,False,3
CNJSI,CN,True,1
THSON,TH,True,4
TRMER,TR,True,42
IDPAL,ID,True,2
MYTPP,MY,True,86
VCKIN,VC,False,7
KWSHU,KW,True,7
GNCON,GN,False,11
JPIWA,JP,False,15
CANWE,CA,False,5
CNJIN,CN,True,24
GTSTC,GT,False,19
MDGGU,MD,False,1
NODRA,NO,False,3
CNPAN,CN,True,14
PAMIT,PA,False,60
THLCB,TH,True,52
IDOBI,ID,True,2
NOKAL,NO,False,2
CNZPU,CN,True,36
BDCTG,BD,True,22
CLCOQ,CL,False,3
BRITT,BR,False,8
ESALI,ES,True,17
JPWKA,JP,False,7
USPHU,US,False,9
TRALI,TR,True,66
SEPIT,SE,False,7
CNKHN,CN,True,7
VEEGU,VE,False,3
IDLUW,ID,True,3
MYPAG,MY,True,21
VNCAM,VN,True,1
AEKHA,AE,True,57
CNSBU,CN,True,13
USNYK,US,False,58
NZMPT,NZ,False,4
IDBMP,ID,True,8
JPNAH,JP,False,13
NOBRE,NO,False,10
VNGDB,VN,True,1
DZSKI,DZ,False,12
IRKHO,IR,True,2
PHGSA,PH,True,13
IDAMI,ID,True,11
IDTJB,ID,True,2
CNJIA,CN,True,33
EGAKI,EG,True,23
CNTAI,CN,True,79
SESOE,SE,False,5
KITAI,KI,False,2
INGAN,IN,True,3
FITON,FI,False,4
TRISK,TR,True,23
FORVK,FO,False,6
IDKNG,ID,True,1
JPMJR,JP,False,12
GUAPR,GU,False,7
BSNAS,BS,False,7
CNHGH,CN,True,2
CAPRR,CA,False,11
CNWHZ,CN,True,1
CNCDH,CN,True,1
AOLOB,AO,False,3
YEHOD,YE,True,4
CNHIY,CN,True,1
GRPRM,GR,True,1
YEADN,YE,True,12
JPOMA,JP,False,6
NOEGE,NO,False,5
CNHLD,CN,True,1
RUVLD,RU,True,28
BZBZC,BZ,False,6
ITPOL,IT,True,5
ILETH,IL,True,1
SLFRE,SL,False,9
IDWDA,ID,True,2
PHCEB,PH,True,17
HTPAP,HT,False,7
ITMDC,IT,True,3
ARPDE,AR,False,3
IDPWG,ID,True,7
CNYUY,CN,True,15
JPYOK,JP,False,73
ESALM,ES,True,6
CNJHH,CN,True,9
CNWUH,CN,True,26
VEMAR,VE,False,5
AOMOC,AO,False,3
GLNAR,GL,False,1
TRGEM,TR,True,26
TNRDS,TN,False,13
SVAQJ,SV,False,7
CNTAZ,CN,True,22
MRNBU,MR,False,7
NOTHA,NO,False,8
JPNAG,JP,False,41
KYGET,KY,False,2
GEPTI,GE,True,11
IDBIT,ID,True,16
FRBOR,FR,False,2
IDSPT,ID,True,3
EETAL,EE,False,19
CVRAI,CV,False,6
GRVLS,GR,True,2
CN7722,CN,True,2
CVSAR,CV,False,2
INKAN,IN,True,16
SNDAK,SN,False,21
DKABG,DK,False,6
BEANT,BE,False,99
USPMB,US,False,14
JPMUR,JP,False,5
COCTA,CO,False,73
RUKOR,RU,True,3
IDMER,ID,True,5
CNSHD,CN,True,10
USLSA,US,False,28
USOAK,US,False,33
DEKIL,DE,False,21
AUDWN,AU,False,6
COBOL,CO,False,2
AUMEL,AU,False,20
CLVAL,CL,False,19
NZAKL,NZ,False,23
UACHO,UA,False,3
PHDAV,PH,True,20
FRLEH,FR,False,55
IDPOS,ID,True,1
CNYZH,CN,True,26
VNHPG,VN,True,51
USWMN,US,False,9
SEGOT,SE,False,22
CAARG,CA,False,2
INENR,IN,True,5
CUSGO,CU,False,3
USPTD,US,False,7
CNYSN,CN,True,95
CNFAN,CN,True,12
GRPIR,GR,True,74
FJLAU,FJ,True,15
IDLAM,ID,True,1
PTCNL,PT,True,3
CNHUI,CN,True,16
IDSIB,ID,True,2
SEHEL,SE,False,19
NLIJM,NL,False,3
JPKMJ,JP,False,7
KICHI,KI,False,1
JPISS,JP,False,8
JPHTH,JP,False,10
GTPQL,GT,False,16
NOTAE,NO,False,14
IDLKA,ID,True,2
PLGDY,PL,False,30
ITNAP,IT,True,21
GBBTL,GB,False,8
PLGDA,PL,False,26
BRITA,BR,False,9
INPPV,IN,True,14
JPONA,JP,False,2
IDTOL,ID,True,1
CNHPU,CN,True,50
ESSAN,ES,True,6
CNFOS,CN,True,30
VILIB,VI,False,8
TRBOR,TR,True,23
TCGTK,TC,False,3
CNQHD,CN,True,11
GHTEM,GH,False,26
ESACF,ES,True,11
TL2839,TL,True,3
TRGEB,TR,True,32
SRPBO,SR,False,3
CNQIN,CN,True,110
CN7683,CN,True,4
CNWEF,CN,True,19
MPSPN,MP,False,3
WFFUT,WF,False,2
GLJNS,GL,False,3
FIHEL,FI,False,15
QAHMD,QA,True,23
NCPRN,NC,False,3
IDJAY,ID,True,8
JPHAM,JP,False,2
JPOSK,JP,False,56
DZAZW,DZ,False,1
CNSPU,CN,True,1
KRMOK,KR,False,4
GIGIB,GI,False,6
INKAK,IN,True,5
IDNNX,ID,True,4
USWMT,US,False,12
DEHAM,DE,False,66
DZANN,DZ,False,16
ASPGO,AS,False,6
USPEV,US,False,49
GBSNS,GB,False,2
NICOR,NI,False,7
IDTAI,ID,True,6
CNXIA,CN,True,91
IQUMQ,IQ,True,13
TWTAP,TW,True,32
GMBJL,GM,False,8
PTPRV,PT,True,6
NOOSL,NO,False,14
IDBTN,ID,True,3
ARSAE,AR,False,2
TH7003,TH,True,3
THBKK,TH,True,13
GLQQT,GL,False,2
IDPAD,ID,True,5
GLQSG,GL,False,3
NOFRE,NO,False,13
AEJAL,AE,True,87
IDBON,ID,True,10
PHMAN,PH,True,49
ITVAD,IT,True,20
ITTRA,IT,True,7
SAYAN,SA,True,2
PGALO,PG,True,3
VELGU,VE,False,14
ESLPA,ES,True,49
CNCFD,CN,True,10
USPLD,US,False,2
ISVES,IS,False,4
IDRTB,ID,True,1
CNYPG,CN,True,37
ECPBO,EC,False,6
MXCOA,MX,False,3
CNTZH,CN,True,6
NOMOR,NO,False,4
KWKUW,KW,True,8
SEMAL,SE,False,2
HNSLO,HN,False,4
MXALT,MX,False,18
MHMAJ,MH,False,8
PGKBE,PG,True,3
RUVYP,RU,True,14
JPMKX,JP,False,22
CNBAS,CN,True,1
ITLIV,IT,True,17
IDMDR,ID,True,1
NGONN,NG,False,8
PHBAT,PH,True,18
IDPJG,ID,True,4
ZAPLZ,ZA,False,25
ARBBL,AR,False,2
PLSWI,PL,False,2
ITBAR,IT,True,7
AGSJO,AG,False,7
USDUH,US,False,9
CNNSA,CN,True,115
ITSPE,IT,True,23
GBSOU,GB,False,26
BRRDJ,BR,False,20
JPSBI,JP,False,24
USHNL,US,False,11
MANAD,MA,False,4
JPFUN,JP,False,1
GEBTM,GE,True,7
PTPDL,PT,True,8
IDAMA,ID,True,7
BRIMB,BR,False,10
CNJIJ,CN,True,22
DKSKW,DK,False,4
ISGRU,IS,False,3
KRBUS,KR,False,161
MXTUX,MX,False,3
RUPKC,RU,True,2
BBBTN,BB,False,14
LKCOL,LK,True,86
TRGIR,TR,True,2
BSFRE,BS,False,44
TZTAN,TZ,True,2
CNCIZ,CN,True,9
JPYCI,JP,False,14
PKQAS,PK,True,14
TTPLS,TT,False,15
HNROI,HN,False,2
AEFUJ,AE,True,3
JPTOM,JP,False,14
CNSYA,CN,True,4
DORHA,DO,False,25
USCHA,US,False,38
SAJED,SA,True,55
CNZZU,CN,True,11
PTPRG,PT,True,3
CNYXS,CN,True,6
AERAK,AE,True,8
ESHUE,ES,True,10
JPKOM,JP,False,12
MYLAB,MY,True,4
PKKAR,PK,True,21
USTAM,US,False,7
IDSAM,ID,True,8
JPOFU,JP,False,2
IDSWQ,ID,True,1
BDPAY,BD,True,1
BGBGS,BG,False,9
CNWXE,CN,True,4
IDSXK,ID,True,1
MEBAR,ME,True,9
CNJIT,CN,True,31
COBAR,CO,False,10
IDZRI,ID,True,5
SBNOR,SB,True,2
CLPCH,CL,False,3
DKCOP,DK,False,16
PKGWA,PK,True,2
FMPNI,FM,False,3
CNCSH,CN,True,3
JPOTA,JP,False,3
IRBUS,IR,True,5
MACAS,MA,False,45
GLAST,GL,False,3
KROKP,KR,False,3
BRVIT,BR,False,2
TNSFA,TN,False,12
CNLYW,CN,True,13
PLSZC,PL,False,8
JPSGA,JP,False,1
ITCAT,IT,True,8
JPHAK,JP,False,2
PEPTA,PE,False,14
JPKUS,JP,False,10
MXVER,MX,False,27
PGPMO,PG,True,15
SEAHS,SE,False,8
OMDQM,OM,True,4
AERUW,AE,True,2
ISREY,IS,False,18
KMMUT,KM,False,2
MGTMA,MG,True,9
GBGNK,GB,False,8
JPMAR,JP,False,1
INMUN,IN,True,69
JPKOB,JP,False,66
CNTJN,CN,True,81
LKHBA,LK,True,4
CNSHA,CN,True,50
FMKSA,FM,False,2
PGORO,PG,True,4
USANC,US,False,3
IDLMB,ID,True,3
IDKTG,ID,True,3
AUTOW,AU,False,6
ISAKU,IS,False,4
CNZSN,CN,True,21
HRRJK,HR,True,14
GBBLY,GB,False,3
CNHSI,CN,True,10
CNSAX,CN,True,11
CNMJS,CN,True,1
FMYAP,FM,False,2
PTPXO,PT,True,3
COBUE,CO,False,20
JPKAW,JP,False,13
VNCMY,VN,True,4
LYBHZ,LY,False,21
PACOL,PA,False,44
CNNDE,CN,True,10
ESCAD,ES,True,18
USJAC,US,False,15
TRIZM,TR,True,27
MGEHO,MG,True,2
JPNAO,JP,False,5
IDNAM,ID,True,1
ITPAL,IT,True,3
IDPGM,ID,True,1
CUMAR,CU,False,22
TRAAP,TR,True,19
IDPTL,ID,True,9
DZBJA,DZ,False,11
CNQIX,CN,True,9
SXPHI,SX,False,18
CNHAA,CN,True,1
TNSUS,TN,False,7
CNSNZ,CN,True,3
PFPAP,PF,False,10
MYTAW,MY,True,8
CNLUZ,CN,True,4
INHDA,IN,True,15
CNCHZ,CN,True,23
GLSSM,GL,False,5
NZWEL,NZ,False,5
GRTHE,GR,True,20
ESVIG,ES,True,24
VNCMP,VN,True,51
CNHUM,CN,True,47
PEGSM,PE,False,8
PTHOR,PT,True,4
VISTS,VI,False,8
KRKHN,KR,False,3
PTSNS,PT,True,54
CNZHE,CN,True,26
CMKBI,CM,False,10
NLROT,NL,False,101
GQBAT,GQ,False,9
MZBRA,MZ,True,16
GYGEO,GY,False,10
SYTTS,SY,False,2
NOIKR,NO,False,5
CNYJG,CN,True,11
LBKYE,LB,False,8
MYTBS,MY,True,2
CNBBU,CN,True,3
PHCDO,PH,True,14
CNDJM,CN,True,1
KRKUN,KR,False,6
INPAR,IN,True,6
DKKAL,DK,False,8
ESSPC,ES,True,4
CNGLA,CN,True,29
IDTRE,ID,True,5
PRSJU,PR,False,15
AEHSN,AE,True,2
IECOK,IE,False,9
CNCZH,CN,True,3
RUMAG,RU,True,2
KRGWA,KR,False,45
HTLAF,HT,False,3
CNHEF,CN,True,5
IDMRK,ID,True,3
INKKT,IN,True,15
USSEA,US,False,18
ESVIL,ES,True,6
IDTUA,ID,True,5
JMMOB,JM,False,3
CNZQG,CN,True,17
JPHAC,JP,False,6
DZDJE,DZ,False,9
TRCEY,TR,True,1
CNDCB,CN,True,54
ISISA,IS,False,4
CLCOR,CL,False,8
IDMKS,ID,True,29
HRPLE,HR,True,6
GBIMM,GB,False,25
ARPMA,AR,False,2
FRMRS,FR,False,18
ARZAR,AR,False,4
CNFUN,CN,True,39
PEILO,PE,False,4
EGPSA,EG,True,46
MXESE,MX,False,9
IDPNK,ID,True,5
NLTER,NL,False,2
NOHRI,NO,False,2
BRRGR,BR,False,12
WSAPI,WS,True,7
INVIS,IN,True,15
NZNAP,NZ,False,8
PYASU,PY,False,1
IEWAT,IE,False,2
PGMAD,PG,True,6
CNYTN,CN,True,85
ZADUR,ZA,False,28
IDBAN,ID,True,7
AEHAM,AE,True,1
PHCAV,PH,True,1
AEMAH,AE,True,5
GWBIS,GW,False,8
RUDYR,RU,True,1
KRINC,KR,False,34
VNQUN,VN,True,12
IRQES,IR,True,1
ITORT,IT,True,1
INTRI,IN,True,11
IDSEM,ID,True,15
NOBGN,NO,False,10
MYKUA,MY,True,17
BRMUC,BR,False,7
CNGAO,CN,True,1
PHPLW,PH,True,2
USBOS,US,False,10
SDPSU,SD,True,5
CISPE,CI,False,15
ITCIV,IT,True,11
TLDIL,TL,True,5
ROSUL,RO,False,1
USPHI,US,False,23
LYMIS,LY,False,26
ESFER,ES,True,8
HNPCO,HN,False,21
IDBLU,ID,True,2
CNSDG,CN,True,4
KPCHI,KP,False,1
YEMKX,YE,True,3
NZLYT,NZ,False,9
IQMAB,IQ,True,3
ARLPL,AR,False,2
MVMLE,MV,True,1
CNJIU,CN,True,25
LVRIX,LV,False,24
USEVE,US,False,2
MOMAC,MO,True,9
CNTAX,CN,True,3
AUBLB,AU,False,2
QARAS,QA,True,1
JPTOK,JP,False,62
PESAL,PE,False,6
IEDUB,IE,False,19
ESALG,ES,True,89
CNEZH,CN,True,1
JPHKA,JP,False,39
GFDDC,GF,False,3
COSMA,CO,False,15
NOFUS,NO,False,3
CNLSN,CN,True,5
GAOWE,GA,False,10
ECGYL,EC,False,26
CLSVE,CL,False,12
BRIJI,BR,False,14
DZMOS,DZ,False,5
CNHNY,CN,True,1
ESBAR,ES,True,58
IDMOF,ID,True,4
CNTES,CN,True,10
CNBAO,CN,True,25
IDTAH,ID,True,1
LTKLJ,LT,False,31
CACBK,CA,False,4
IDBTW,ID,True,2
JPCBA,JP,False,7
IDANG,ID,True,3
IDENE,ID,True,4
TRSAM,TR,True,9
IDTBG,ID,True,1
JPMUT,JP,False,3
NOSOE,NO,False,5
IDBUA,ID,True,1
MYPGG,MY,True,4
NOMOL,NO,False,3
GHTAK,GH,False,5
TCPLS,TC,False,4
CNCGM,CN,True,19
CNMAA,CN,True,14
MYSAN,MY,True,6
JMPRO,JM,False,5
GBTEE,GB,False,20
CNSHG,CN,True,2
JPNGU,JP,False,1
LBBRT,LB,False,41
MXTAM,MX,False,3
MUPLO,MU,False,20
INMAG,IN,True,12
USFRE,US,False,4
IRBKM,IR,True,6
PHDUM,PH,True,4
VEGTA,VE,False,7
WFWLS,WF,False,3
FJSUV,FJ,True,15
EGALE,EG,True,56
LBCHE,LB,False,1
INNMA,IN,True,8
SAKAP,SA,True,15
CLARI,CL,False,9
JPTOA,JP,False,22
CRPMN,CR,False,31
MXMAZ,MX,False,4
CNPHU,CN,True,1
OMSOH,OM,True,26
EGDAM,EG,True,44
INCHN,IN,True,21
CNLYG,CN,True,46
NGLKK,NG,False,6
BDMTB,BD,True,1
DEBRU,DE,False,24
HNPCA,HN,False,7
GLNNT,GL,False,2
PGWEK,PG,True,2
PACRI,PA,False,40
JPFUK,JP,False,21
MZNAC,MZ,True,11
CNGPG,CN,True,8
FOTHO,FO,False,6
CNYCH,CN,True,4
GPPPE,GP,False,12
IDPAR,ID,True,2
CNSWE,CN,True,4
CNYIZ,CN,True,22
RUULG,RU,True,1
PTLIS,PT,True,30
CNDAF,CN,True,9
BEZEE,BE,False,24
BRPAR,BR,False,19
ITTRS,IT,True,17
BJCOT,BJ,False,13
VEPCA,VE,False,12
ESBIL,ES,True,20
DZALG,DZ,False,31
CNBYQ,CN,True,35
DERSG,DE,False,24
ESSAG,ES,True,7
CLSAN,CL,False,25
JPOTK,JP,False,5
VNDAN,VN,True,27
ZACPT,ZA,False,21
MXPMA,MX,False,3
JPMOJ,JP,False,35
IDBAH,ID,True,3
KRPYT,KR,False,20
IDBOJ,ID,True,2
PGRAB,PG,True,9
QAUMS,QA,True,1
PHZAM,PH,True,9
INKNP,IN,True,7
USNOL,US,False,16
CAMTL,CA,False,17
JPMIZ,JP,False,22
INTUT,IN,True,11
BRIOA,BR,False,19
USMOB,US,False,14
NOLVK,NO,False,11
GBTIL,GB,False,28
TRBAM,TR,True,58
NOFLO,NO,False,6
CNHKO,CN,True,21
USKOD,US,False,3
IRCBA,IR,True,8
BEGHE,BE,False,2
CNSLH,CN,True,5
TRTEK,TR,True,35
BRMAN,BR,False,11
ESCEU,ES,True,4
FRFOS,FR,False,24
CNDJK,CN,True,5
PHILO,PH,True,6
CDMAT,CD,False,3
CNSUQ,CN,True,1
PGKAV,PG,True,2
LBSID,LB,False,1
BRSUA,BR,False,19
JPUBE,JP,False,5
IDKEN,ID,True,10
ITAUG,IT,True,8
JPKAM,JP,False,4
CNYUF,CN,True,7
KEMOM,KE,True,29
CASJS,CA,False,1
MYSPB,MY,True,21
PTFIG,PT,True,3
ESSEV,ES,True,3
CNRUG,CN,True,24
LCPCS,LC,False,11
NOHOA,NO,False,1
JPHIB,JP,False,17
PAPBM,PA,False,1
CNDDG,CN,True,3
JPHMA,JP,False,28
MGANT,MG,True,1
CNNJG,CN,True,53
TGLOM,TG,False,35
CN7934,CN,True,2
CNGUA,CN,True,24
VUPVI,VU,True,9
GLNUK,GL,False,6
NOKRS,NO,False,15
DJDJI,DJ,True,30
AOLUA,AO,False,23
CNZJG,CN,True,30
JPMMA,JP,False,13
CNPZE,CN,True,22
ESSCT,ES,True,22
NOKRN,NO,False,5
EGADA,EG,True,1
USTAC,US,False,13
IRBAB,IR,True,17
CAVCR,CA,False,18
PABAL,PA,False,47
CNWGQ,CN,True,156
CNSIZ,CN,True,1
NZPCH,NZ,False,11
CNSTO,CN,True,43
GBTHP,GB,False,8
UYMON,UY,False,17
KROKK,KR,False,1
CNHUA,CN,True,12
ESCAR,ES,True,7
LYTRI,LY,False,12
NOAAL,NO,False,18
NORKN,NO,False,4
AESJH,AE,True,17
SADMA,SA,True,21
CNSHL,CN,True,7
CNWUZ,CN,True,10
MYSIB,MY,True,2
CNANQ,CN,True,11
CNLKU,CN,True,4
ESGIJ,ES,True,11
CNFLG,CN,True,6
IDKAB,ID,True,1
AAAAA,,False,162
VNCLN,VN,True,2
USSAV,US,False,44
CNRIZ,CN,True,33
ITCAG,IT,True,7
MXPRO,MX,False,9
ESCAS,ES,True,12
CNDYI,CN,True,2
MYPEN,MY,True,14
PGLAE,PG,True,24
FRBST,FR,False,3
AEAJM,AE,True,8
SOBER,SO,True,7
BNMUR,BN,True,11
DZGHZ,DZ,False,1
IDBAL,ID,True,7
TZMTW,TZ,True,6
IDBTM,ID,True,2
JPMKE,JP,False,3
LYALK,LY,False,9
INKUP,IN,True,16
CNXZH,CN,True,3
GTPBA,GT,False,22
JPNKI,JP,False,5
USBAL,US,False,14
JPSTA,JP,False,4
IDBIK,ID,True,7
SENYN,SE,False,11
NOMOS,NO,False,12
TRTUZ,TR,True,9
CN7632,CN,True,1
NOMAA,NO,False,9
JPMAI,JP,False,8
GBHUL,GB,False,8
DMROS,DM,False,6
IDKBU,ID,True,7
PGKTA,PG,True,2
JMKIN,JM,False,64
BRVDC,BR,False,10
CNYAN,CN,True,26
GBTYD,GB,False,4
PGBMK,PG,True,2
IDBLN,ID,True,14
REREU,RE,False,17
IDMAN,ID,True,10
CN8229,CN,True,4
KMMYT,KM,False,8
MYPKE,MY,True,116
JPTGA,JP,False,8
DOPPL,DO,False,4
GQMAL,GQ,False,6
TONUK,TO,True,6
BGVAR,BG,False,6
DOCUC,DO,False,49
ZAELN,ZA,False,2
CNGUG,CN,True,1
SAGIZ,SA,True,3
PTSBL,PT,True,17
CNZOS,CN,True,62
PHLMY,PH,True,3
BDMON,BD,True,5
IDKOL,ID,True,1
CYLIM,CY,False,17
USESX,US,False,7
IRBAY,IR,True,5
ROCON,RO,False,27
CLMEJ,CL,False,8
TWTCH,TW,True,32
FIRAU,FI,False,15
ARMDP,AR,False,5
JPTON,JP,False,1
CNCHS,CN,True,19
IDMLH,ID,True,1
CASJH,CA,False,13
CNSHE,CN,True,89
CNDAL,CN,True,59
CNXSN,CN,True,1
MXLCS,MX,False,32
SADHU,SA,True,3
JPTOY,JP,False,7
AUBRI,AU,False,28
BMHAM,BM,False,2
CN7590,CN,True,3
NZTIM,NZ,False,6
USMIA,US,False,34
ARUSH,AR,False,4
MMRGN,MM,True,14
JPTHI,JP,False,1
JPISH,JP,False,1
MAAGA,MA,False,11
GLSUK,GL,False,3
GBLGP,GB,False,41
ARROS,AR,False,4
SIKOP,SI,False,26
JPKMA,JP,False,4
LRMON,LR,False,7
USFLH,US,False,1
USNFK,US,False,31
BRSTS,BR,False,44
JPIMA,JP,False,12
TRTRA,TR,True,2
CYFAM,CY,False,2
CNNTG,CN,True,53
IDGOR,ID,True,6
TZZNZ,TZ,True,3
IQBAS,IQ,True,2
JPONO,JP,False,3
INNSA,IN,True,64
IRLIN,IR,True,1
CNBHX,CN,True,1
RUNVS,RU,True,24
IDBEN,ID,True,3
VULUB,VU,True,6
THSUT,TH,True,1
ARBNA,AR,False,11
RUEGV,RU,True,2
PAALM,PA,False,7
MYBTU,MY,True,17
CVPGR,CV,False,7
EGSOK,EG,True,27
USSDI,US,False,2
PHBAC,PH,True,3
NOGLO,NO,False,4
OMSAL,OM,True,32
INCOC,IN,True,17
CNMWN,CN,True,61
JPHOS,JP,False,11
GBGRA,GB,False,8
SEHSD,SE,False,9
TTPOS,TT,False,24
CNFDU,CN,True,2
CAHFX,CA,False,32
CNZHA,CN,True,23
JPOIT,JP,False,19
DEWVN,DE,False,32
AEKFA,AE,True,20
JPSZU,JP,False,24
PTLXS,PT,True,33
BRPEC,BR,False,16
ALDRS,AL,False,6
ESMAR,ES,True,3
VNSOD,VN,True,1
MTVAL,MT,True,2
SBHON,SB,True,5
IDBUW,ID,True,4
IDSUR,ID,True,72
SCPOV,SC,False,11
UAODS,UA,False,3
HTCHA,HT,False,6
JPTCI,JP,False,3
CNWEI,CN,True,17
MTMAL,MT,True,73
CNQIZ,CN,True,47
NOKAS,NO,False,12
AUFRE,AU,False,8
SETUN,SE,False,5
ERMSW,ER,False,2
DKAHS,DK,False,24
ILASD,IL,True,42
MZMAP,MZ,True,10
IDSBU,ID,True,6
MZPEM,MZ,True,2
PHPOL,PH,True,3
INJAI,IN,True,1
NLAMS,NL,False,5
IDKUM,ID,True,3
TRDER,TR,True,21
FIOUL,FI,False,5
VEGUR,VE,False,3
RUAAQ,RU,True,2
CNBHI,CN,True,11
AEDUB,AE,True,4
CNSZH,CN,True,7
CUMOA,CU,False,2
DZWAH,DZ,False,14
AEUAQ,AE,True,5
ESPDR,ES,True,4
CNSHZ,CN,True,8
CNTOL,CN,True,13
NZTAU,NZ,False,30
JPTAD,JP,False,1
CNHZH,CN,True,6
MXPMS,MX,False,3
IDBUT,ID,True,4
JPTOS,JP,False,11
CNCQG,CN,True,20
JPSAK,JP,False,10
TWKAO,TW,True,83
NRNRI,NR,False,1
