port_code,port_lon,port_lat,cost_p,is_feasible,period,is_new
ESALG,-5.433333,36.116667,18.518721812016096,True,2045,False
BEANT,4.4,51.2167,17.445617043163757,True,2045,True
ILASD,34.65,31.816667,12.867752574507026,True,2045,True
PABAL,-79.57037,8.954178,13.722593606973792,True,2045,True
ESBAR,2.166667,41.35,17.949645344155265,True,2045,True
DEBHN,8.548651,53.563407,17.14462080171086,True,2045,True
AUBRI,153.169467,-27.350967,18.85351839273033,True,2045,True
KRBUS,129.052391,35.112607,10.714208853070142,True,2045,False
VNCMP,107.012844,10.522075,11.106602610323261,True,2045,True
COCTA,-75.540962,10.394286,13.93070790063147,True,2045,True
USCHA,-79.938165,32.87698,11.692455264360248,True,2045,True
BDCTG,91.883333,22.35,13.532633475411078,True,2045,True
LKCOL,79.85,6.95,13.613610620071915,True,2045,False
ZADUR,31.041098,-29.877639,19.669527752495014,True,2045,True
MXESE,-116.6246,31.850733,14.036883535206137,True,2045,True
GBFEL,1.3,51.933333,17.791502693143684,True,2045,False
ITGIT,15.909341,38.462848,15.64636008786431,True,2045,True
VNHPG,106.828308,20.81389,12.276636821718055,True,2045,True
DEHAM,9.903145,53.539287,17.01471329678942,True,2045,True
VNHCM,106.710033,10.776988,11.132059517292252,True,2045,True
HKHKG,114.181938,22.298785,11.302685552046958,True,2045,False
USHNL,-157.868643,21.300094,19.556976937126592,True,2045,True
IDJAK,106.788826,-6.09208,10.786410560865804,True,2045,True
AEJAL,55.0606,25.0136,9.642186821403394,True,2045,False
SAJED,39.1667,21.466667,12.19543039730589,True,2045,True
TWKAO,120.260382,22.620829,10.897526012774868,True,2045,True
PKKAR,66.9833,24.7833,11.076476523605281,True,2045,True
AEKHA,54.659214,24.802318,9.709848866208832,True,2045,False
KRGWA,127.728767,34.866497,10.535403257176466,True,2045,True
THLCB,100.886078,13.056152,11.505999969234512,True,2045,False
MXLCS,-102.166667,17.883333,12.195697913030383,True,2045,True
FRLEH,0.094067,49.480233,17.850377167608517,True,2045,True
TGLOM,1.286945,6.137824,18.944192313081544,True,2045,True
GBLGP,0.486317,51.502973,17.86233228075352,True,2045,True
USLGB,-118.217354,33.74561,12.86733871185067,True,2045,False
USLSA,-118.244,33.738045,12.870966226352373,True,2045,False
MTMAL,14.539518,35.819159,15.77625921573005,True,2045,True
PHMAN,120.94162,14.596732,12.251593925455747,True,2045,True
MXMAN,-104.293756,19.073908,11.737293370926356,True,2045,True
CNMWN,113.862187,22.508158,11.303057682332334,True,2045,True
AUMEL,144.912243,-37.858862,18.697685337862275,True,2045,True
KEMOM,39.647169,-4.053188,15.123624294391695,True,2045,True
INMUN,69.7,22.766667,11.549813456595244,True,2045,False
CNNSA,113.682083,22.64515,11.301504383479337,True,2045,False
USNYK,-74.049568,40.663452,12.88924348072274,True,2045,False
INNSA,72.9428,18.953883,12.254206268691574,True,2045,False
CNNBO,121.683333,29.966667,9.639876568182101,True,2045,False
USNFK,-76.316667,36.85,12.357817677090528,True,2045,True
USOAK,-122.320518,37.814824,13.532829913890088,True,2045,True
GRPIR,23.65,37.933333,14.61665106872764,True,2045,False
CGPNO,11.839142,-4.778824,21.21237761352252,True,2045,True
ZAPLZ,25.6372,-33.9618,20.651347641321912,True,2045,True
MYPKE,101.34485,3.00525,9.952680785089958,True,2045,False
MUPLO,57.486134,-20.150235,19.035401190679263,True,2045,True
EGPSA,32.319633,31.269083,13.179061166937492,True,2045,False
CNQIN,120.2667,36.0333,10.289794734945662,True,2045,False
BRRDJ,-43.1667,-22.916667,23.632712711878387,True,2045,True
NLROT,4.03038,52.002215,17.514664929802294,True,2045,False
OMSAL,54.002781,16.946141,10.887405396607333,True,2045,False
BRSTS,-46.306133,-23.95,21.524975029475343,True,2045,True
USSAV,-81.0833,32.0833,11.508720948372261,True,2045,True
USSEA,-122.333333,47.6,14.1462696431264,True,2045,True
CNSHE,113.8943,22.467416,11.305638017880229,True,2045,False
PTSNS,-8.866667,37.95,19.88842728815186,True,2045,True
SGSGP,103.802776,1.248823,9.439292574325567,True,2045,False
AUSYD,151.2111,-33.86,19.07147950041138,True,2045,True
USTAC,-122.422033,47.272467,14.126932016744929,True,2045,True
MATAN,-5.797516,35.789733,18.5750402929516,True,2045,False
MYTPP,103.549576,1.327854,9.484380020288333,True,2045,False
GHTEM,0.016667,5.633333,19.174768841160315,True,2045,True
CNTJN,117.8143,38.97075,10.865255594539606,True,2045,False
JPTOK,139.75,35.6667,12.142784539065651,True,2045,True
ESVAL,-0.316667,39.45,17.79525900837526,True,2045,False
CAVCR,-123.116667,49.283333,14.371087390200096,True,2045,True
CNWGQ,121.617967,31.353633,9.48356543965289,True,2045,False
CNXIA,118.042517,24.44535,10.68658839300293,True,2045,False
CNYSN,122.066667,30.633333,9.561658637009481,True,2045,False
CNYTN,114.263091,22.566543,11.258088347409368,True,2045,False
JPYOK,139.679832,35.450183,12.126229657575935,True,2045,False
CNZOS,122.099218,30.006902,10.12397724596513,True,2045,True
