corridor_id,origin_port,dest_port,E_e,mean_distance,period
0,MATAN,SGSGP,3186539.1807995965,10896.68319553589,2040
1,NLROT,SGSGP,2341846.812303471,11961.67759882148,2040
2,MYTPP,NLROT,2083470.5995070843,11931.300469961157,2040
3,ESVAL,SGSGP,1745877.505838655,11240.422121220994,2040
4,BRSTS,SGSGP,1720793.4869570662,9178.026636144456,2040
5,EGPSA,SGSGP,1517405.0130149361,12795.835088765278,2040
6,KRBUS,USLGB,1251079.2534023072,5636.956817163628,2040
7,KRBUS,MXMAN,1158471.0287188366,6752.66309664529,2040
8,CNSHE,SGSGP,1107960.476158061,1499.6786815258852,2040
9,GRPIR,SGSGP,1080479.2070073474,12368.910280666432,2040
10,CNYTN,SGSGP,1035466.535007759,1503.4212416448813,2040
11,ESALG,SGSGP,991727.5930074215,10814.450864614688,2040
13,CNYTN,USLSA,875273.8811929516,6534.766149222274,2040
15,KRBUS,PABAL,848150.5638338559,8391.073074465625,2040
16,ESALG,MYTPP,842305.9444114325,10898.904482301296,2040
17,CNNBO,CNYSN,839052.5385140642,224.17032981614088,2040
18,GBFEL,SGSGP,792891.8021761689,11921.674139340115,2040
19,ESALG,OMSAL,785984.5999237399,9525.727387867988,2040
20,LKCOL,MATAN,715563.6352843776,9567.885229349895,2040
21,LKCOL,USNYK,708770.767922743,11383.213898847693,2040
22,AEJAL,SGSGP,700420.5125458671,3570.511638444872,2040
24,MATAN,OMSAL,691006.6673869805,9461.206039977245,2040
26,GBFEL,MYTPP,650091.097430476,12331.121064714129,2040
27,LKCOL,NLROT,646963.2365946696,10717.392983797907,2040
28,CNQIN,SGSGP,641002.2456064165,2580.1470039057012,2040
29,INNSA,MYPKE,631740.0993023245,2323.934575434996,2040
31,CNQIN,KRBUS,589076.7135303138,546.6300173027712,2040
32,LKCOL,SGSGP,582838.4715734911,1649.9589696374508,2040
33,FRLEH,SGSGP,582650.3518907363,11581.349970297862,2040
34,CNNBO,CNWGQ,581093.9681094631,250.29783500390008,2040
35,CNNSA,SGSGP,559306.4221603577,1478.7292866803587,2040
36,HKHKG,SGSGP,558551.5060491528,1486.3665640866402,2040
38,BEANT,CNYSN,550957.3852266399,14057.732023917448,2040
40,SGSGP,THLCB,529276.6604257323,833.6844969780634,2040
41,CNYSN,KRBUS,528838.255823414,555.4569569039575,2040
42,CNQIN,CNYSN,520497.6833307874,519.0183585091884,2040
44,INMUN,MATAN,514112.40673043235,9899.179154086803,2040
45,CNWGQ,USLGB,505894.1084001927,5967.939444431727,2040
46,CNYSN,USLGB,488767.91403771256,5994.381363815245,2040
47,CNWGQ,USLSA,470416.26359038695,5937.8345254673995,2040
52,INMUN,USNYK,447763.5345905436,11567.108868013545,2040
53,KRBUS,USLSA,443814.84964763914,5473.942662033376,2040
54,AEKHA,MATAN,443597.1267893509,10357.694783685694,2040
56,ESALG,USNYK,437474.72535184544,3370.1175827332645,2040
57,CNNBO,SGSGP,429571.71503997344,2183.934476268976,2040
58,CNTJN,SGSGP,421292.4559074931,2883.901192755801,2040
59,CNQIN,CNWGQ,419456.7882358336,478.3278370420253,2040
60,CNNBO,USLGB,417783.978483863,5936.14682426146,2040
61,GHTEM,SGSGP,409791.84370078245,8331.657544945128,2040
63,INMUN,INNSA,405382.6732110117,475.4684291766347,2040
64,CNNBO,KRBUS,402158.3193223175,567.2612736112139,2040
65,CNMWN,SGSGP,400646.45523419447,1487.9224267497864,2040
66,MYPKE,SGSGP,389963.2894412713,239.44165877432502,2040
67,CNYSN,MYTPP,389146.9633002585,2225.9929374203152,2040
68,CNNBO,CNYTN,388521.4592938375,797.685773006305,2040
69,AEJAL,MYPKE,387005.4036540582,3375.6527596755295,2040
71,CNNBO,CNSHE,383057.21060374484,811.0146135056527,2040
73,OMSAL,USNYK,380743.9571439371,11188.910238990064,2040
75,CNQIN,MYPKE,370663.2238685389,2787.7390964268407,2040
76,BRSTS,MATAN,367443.1314484607,4442.171356571199,2040
77,KRBUS,USOAK,365683.8070347949,5231.17029277046,2040
79,CNSHE,MYPKE,358342.2081278011,1687.8894003299451,2040
81,CNQIN,CNTJN,353957.55242325354,522.6478103970941,2040
84,CNYTN,MYTPP,345029.25316079013,1519.2697098317246,2040
85,CNNBO,CNNSA,336254.45269729896,840.4108557404172,2040
86,CNNBO,CNXIA,333985.17963126046,545.3779799391267,2040
89,CNYSN,SGSGP,327578.2386433292,2250.244141225643,2040
91,LKCOL,MYTPP,325864.40922239865,1623.3579877132765,2040
93,GBLGP,LKCOL,323877.5852989634,10723.168037641475,2040
95,CNNBO,CNQIN,321144.59483065625,664.6072391727124,2040
96,AEJAL,MATAN,320702.701472971,10141.01323183827,2040
98,ESVAL,INMUN,317683.9530345188,10261.29725302131,2040
102,LKCOL,MYPKE,314968.67661126744,1444.9385320713454,2040
104,INNSA,MATAN,309887.2462941656,9797.030106783504,2040
108,CNWGQ,SGSGP,302888.96602996514,2297.782330882678,2040
109,THLCB,VNHCM,301576.06587965245,641.77075261426,2040
110,CNXIA,USLSA,300878.3791708972,6335.119975292804,2040
114,CNWGQ,VNHCM,299082.0750036108,1768.5440920026786,2040
115,CNQIN,USOAK,295888.9217983222,5804.544553222934,2040
116,FRLEH,MYPKE,293148.67774880154,11549.469129440247,2040
117,CNNBO,USLSA,291529.28952860215,5903.57024626183,2040
123,AUBRI,SGSGP,277043.8444997631,4022.7398664126204,2040
124,CNYSN,CNYTN,276911.4637084781,860.9613111273441,2040
125,MXMAN,PABAL,275718.00224328274,1780.7552803276797,2040
127,MATAN,MYPKE,271765.0020754016,10527.085395927345,2040
128,CNWGQ,KRBUS,266871.4870153068,543.0400464929817,2040
129,INMUN,LKCOL,264811.3049475213,1293.1208558546632,2040
131,CNNSA,CNTJN,262325.563193666,1502.8094855098088,2040
132,MYPKE,NLROT,262015.43601232755,11758.318711535134,2040
134,SGSGP,TWKAO,257540.99520935927,1652.2879408310982,2040
136,CNTJN,KRBUS,256934.02761885757,761.3176175478874,2040
139,GHTEM,MYTPP,253671.6259667568,8282.458269669964,2040
141,CNNSA,MYPKE,253100.85958787336,1670.7514138449678,2040
142,INNSA,SGSGP,252103.54862492686,2516.691006309319,2040
143,CNYTN,VNCMP,250941.4006533899,989.5669266508886,2040
145,SGSGP,VNCMP,248644.17837578017,670.5912005254877,2040
146,AEJAL,INMUN,246641.18701439814,1251.0703859106902,2040
147,USLSA,USOAK,244887.2524780469,475.9624723851743,2040
150,BEANT,LKCOL,241135.71512518165,10726.68205972753,2040
155,AEJAL,ESVAL,236444.1296564124,10669.221659985033,2040
156,AEKHA,EGPSA,235287.4021977711,12111.178815621402,2040
157,INMUN,MYPKE,234951.65783804553,2656.7102712610513,2040
158,HKHKG,TWKAO,232860.1496694718,366.36882905299524,2040
161,CNNBO,HKHKG,231208.01838533304,810.3504765251844,2040
162,JPYOK,KRBUS,229813.27876243394,890.7828192711756,2040
163,CNQIN,HKHKG,229263.53542050236,1205.143374731454,2040
165,HKHKG,THLCB,228079.49027131675,1497.6502259288916,2040
166,CNNSA,CNQIN,227895.5435177851,1208.2105599314345,2040
169,AEJAL,ESALG,225350.06626317385,10064.917460422463,2040
171,EGPSA,MATAN,223669.58090242784,1968.4486834292086,2040
173,AEJAL,CNNBO,223150.7853200916,5702.1956103713055,2040
179,KRBUS,SGSGP,221099.1791420113,2578.2354980985433,2040
180,GBFEL,INMUN,221067.2711751716,11205.508082027878,2040
181,AEJAL,INNSA,219370.76201647555,1234.9259234389708,2040
182,FRLEH,USNYK,217024.21045540352,3406.8320213538523,2040
186,CNMWN,CNNBO,211080.47691394258,814.0830211889261,2040
187,BEANT,GRPIR,209844.32364394848,2965.55839047804,2040
188,AEKHA,SGSGP,208639.54505376637,3580.52128011238,2040
193,ESALG,NLROT,202572.0551153264,1467.0190590946827,2040
194,INMUN,PTSNS,201829.6538224774,10084.783051115855,2040
197,CNYSN,USLSA,199592.63719507222,5927.106684961402,2040
199,MATAN,NLROT,198233.47412742538,1454.0444066032367,2040
201,AUBRI,TWKAO,197356.04412103118,3824.9288794615295,2040
202,CNNSA,THLCB,197028.78881728678,1501.4709908923016,2040
204,CNNSA,MYTPP,196162.91404175226,1509.8207420193676,2040
205,CNXIA,CNYTN,195999.1414732736,348.0803633126435,2040
211,GRPIR,MYPKE,190851.4680572079,12090.757444127761,2040
215,MYTPP,SGSGP,187583.79093867677,173.35586008078266,2040
219,ESALG,ZAPLZ,182229.02665192125,5625.1826368764805,2040
225,THLCB,VNCMP,179988.60972294232,677.1136488622949,2040
226,AUBRI,CNQIN,179889.97279397858,4460.8108873091915,2040
229,SGSGP,VNHPG,176788.15520486372,1381.2754868842324,2040
230,CNWGQ,CNXIA,176610.93241288903,660.4807599361161,2040
231,AUBRI,MYTPP,175792.32553521878,4084.9454723371505,2040
232,CNWGQ,HKHKG,175456.57325027205,929.397480909793,2040
233,BEANT,NLROT,175183.7417115763,207.4357265496199,2040
235,GHTEM,LKCOL,172430.69110086074,7033.530605999446,2040
236,ESALG,LKCOL,172416.41385851108,9661.1684699347,2040
242,AUBRI,KRBUS,170891.60059692178,4206.3870493109225,2040
247,HKHKG,MYPKE,166595.22341517487,1671.9388388932111,2040
248,CNXIA,CNYSN,166057.53040746073,630.8829693896764,2040
251,CNSHE,THLCB,164549.44176221325,1519.007308736647,2040
252,JPYOK,USLSA,163559.23019761266,5236.521261714371,2040
253,INNSA,LKCOL,163449.4439713685,963.7567863621057,2040
256,CNQIN,CNYTN,161683.19454721123,1220.7262368171755,2040
258,CNWGQ,MYPKE,160783.30753645493,2476.502652541903,2040
259,CNNBO,TWKAO,160713.6599917161,580.7986196547093,2040
266,HKHKG,VNHCM,155781.32706039253,951.0251375691496,2040
267,CNNBO,MYPKE,155649.9680617756,2351.7710115086466,2040
268,VNHCM,VNHPG,155032.42296512375,806.9857402413962,2040
274,HKHKG,USOAK,154118.99354210644,6333.024438874852,2040
278,AEJAL,CNWGQ,151334.8568208833,5873.851162427015,2040
285,CNYSN,HKHKG,147217.35586927767,916.1093514162901,2040
288,AEJAL,OMSAL,146532.51826471556,1009.7517767242342,2040
290,HKHKG,KRBUS,144222.46043443563,1207.5040670510268,2040
291,CNNBO,THLCB,144167.47905696378,2282.7125254294388,2040
293,CNYTN,KRBUS,142865.47777614754,1189.7008692259965,2040
302,CNQIN,TWKAO,140038.10825445896,981.5135388136649,2040
303,GBFEL,MATAN,139970.32705993459,1404.284728550341,2040
304,CNNBO,VNHCM,138738.48993555736,1655.4210917571706,2040
306,CNWGQ,THLCB,137632.81881332572,2319.4310029120807,2040
308,BEANT,FRLEH,136518.8065377821,306.52334741914456,2040
312,CNMWN,MYPKE,136071.5509774456,1685.7217126643975,2040
318,ESALG,INMUN,133346.65149451158,9993.355844364725,2040
329,AUBRI,CNYTN,129690.44010399086,4144.166461736737,2040
330,CNWGQ,TWKAO,129612.30714697835,715.8900826505853,2040
336,CNXIA,VNHCM,126757.69029680245,1175.1188175197647,2040
343,CNYTN,TWKAO,124125.77349569144,360.03600935416387,2040
345,ESVAL,USNYK,123451.04168904647,3808.1879691509216,2040
348,CNSHE,KRBUS,122590.6222904295,1218.0716317614829,2040
353,ESVAL,LKCOL,121275.55187620377,9968.180996800382,2040
354,ESALG,MATAN,121205.73958596117,170.38632797618175,2040
356,MYTPP,THLCB,121175.43700074346,846.4495920141587,2040
357,GBLGP,MATAN,121134.29046820097,1466.1660874847933,2040
358,LKCOL,OMSAL,120992.40657101679,1664.9412662895588,2040
366,CNNSA,CNXIA,118537.36379090342,387.9129118743614,2040
369,CNNBO,CNTJN,117447.85158636836,865.5550591053869,2040
370,CNSHE,USOAK,117367.26244661347,6453.028937918624,2040
376,HKHKG,VNHPG,116196.41662146432,543.5203600463636,2040
378,MYTPP,TWKAO,115731.82235227365,1673.4591278240139,2040
379,CNNSA,CNYSN,115528.95348471531,911.7735897772509,2040
381,MYPKE,VNHCM,115026.30155113143,865.4808056955043,2040
383,CNSHE,VNHCM,114778.75258440633,985.4331090185791,2040
384,GBLGP,INMUN,114698.72150854627,11380.680672911149,2040
385,CNYTN,HKHKG,114123.10816439976,96.13609549641218,2040
386,HKHKG,MATAN,113876.65557275053,12303.543632893825,2040
390,AEJAL,LKCOL,113176.65465675273,2012.1110060019598,2040
391,KRBUS,MYTPP,113036.46943983663,2570.0887692763663,2040
396,SGSGP,SGSGP,112172.35397219204,1129.339859988648,2040
398,SGSGP,VNHCM,112044.41713827763,675.2233642908778,2040
404,CNYTN,NLROT,111245.35947068814,13456.127502102243,2040
407,BEANT,MATAN,110884.66962984428,1474.0155381241052,2040
420,CNWGQ,JPYOK,108001.49392767946,1047.879804515197,2040
423,BRSTS,ESALG,106812.49625610608,4456.411289773632,2040
425,CNXIA,TWKAO,106400.7235634205,213.43845256050784,2040
426,GHTEM,MATAN,106334.81402282284,3080.829311649136,2040
427,BEANT,ESVAL,105758.67679971392,1854.9334233680902,2040
434,AUBRI,HKHKG,104449.40557498253,4134.528508157712,2040
436,AEKHA,ESALG,103979.08411882565,10439.369573048401,2040
438,MYPKE,VNHPG,103346.84857802092,1569.581978548257,2040
439,MYPKE,THLCB,103238.24090877885,1015.9151687134225,2040
440,GBFEL,LKCOL,103167.95852333186,10665.4347401975,2040
443,VNCMP,VNHPG,102460.3628167924,822.2368005168007,2040
448,CNXIA,VNCMP,102087.53138559396,1209.3003384243266,2040
453,AEKHA,MYPKE,100912.97387733392,3364.6074935185625,2040
454,GBLGP,NLROT,100694.73291231606,212.53424802375451,2040
456,AEJAL,CNQIN,100528.96064411945,6125.315341774319,2040
463,CNXIA,SGSGP,100052.43331551555,1695.0435448236199,2040
464,LKCOL,PTSNS,100026.74258197751,9566.221673463386,2040
465,CNYSN,MYPKE,99980.0484435921,2419.616783651711,2040
469,CNWGQ,VNHPG,99014.47385617088,1396.3582633452409,2040
472,FRLEH,MATAN,98200.14838342457,1293.6760947905818,2040
473,CNSHE,HKHKG,98195.4892842774,52.125987771261194,2040
475,USLGB,USOAK,97901.33566098411,525.2630867756802,2040
487,CNNSA,CNSHE,95597.11362213432,95.56021202043682,2040
488,FRLEH,PTSNS,95464.69620661826,1056.9006644457027,2040
494,CNTJN,CNYSN,94822.8617282866,788.9053854910113,2040
497,MATAN,MYTPP,94708.59182210334,10950.576891580418,2040
500,ESVAL,PTSNS,93838.69563225839,714.5931445507525,2040
502,FRLEH,GHTEM,93678.15275970772,3890.9780898917184,2040
503,KRBUS,VNHCM,93447.38622235823,2042.822932792853,2040
504,CNXIA,KRBUS,93356.72967606774,954.2766651507519,2040
505,THLCB,VNHPG,93331.12255059721,1356.9904316634445,2040
509,CNTJN,HKHKG,92655.14610542508,1490.1743688122453,2040
511,BEANT,SGSGP,92524.55050217596,12034.464745671741,2040
514,MYTPP,VNHPG,90865.51228460691,1401.5615033704953,2040
515,TWKAO,VNHCM,90852.66342165864,1153.9297859795158,2040
522,CNSHE,CNWGQ,89098.74207735973,934.0269484691648,2040
528,KRBUS,VNCMP,88345.725343056,2102.7933502960263,2040
537,CNMWN,MYTPP,86978.2775045162,1512.45468978873,2040
545,PABAL,PTSNS,85631.96723091172,4398.339519746532,2040
546,AEKHA,GRPIR,85631.39018447275,11546.94411484684,2040
548,AEJAL,CNNSA,85437.8445134546,5127.222436224184,2040
550,CNSHE,CNXIA,85409.9065854111,355.6607354028418,2040
552,BEANT,GBLGP,85193.1146335176,281.4200191063799,2040
553,CNSHE,VNCMP,84790.3213798888,993.0575602385785,2040
556,EGPSA,OMSAL,84385.84129899586,11707.460991756881,2040
560,CNXIA,MYTPP,84071.92999150336,1711.0135048946902,2040
561,CNMWN,THLCB,84010.68250920979,1500.9385626343214,2040
562,CNXIA,HKHKG,83963.0580120926,333.9220886581677,2040
564,CNNSA,VNHCM,83355.57352446982,958.9341374795167,2040
565,PABAL,USLSA,83278.22217676451,2991.397792639267,2040
568,HKHKG,MYTPP,82914.6463411007,1514.4797437769375,2040
570,CNSHE,TWKAO,81655.21880959875,394.1638157502631,2040
572,KRBUS,TWKAO,81435.3116392881,1027.1425041772682,2040
576,AUBRI,JPYOK,81127.79472365254,3929.2671278491275,2040
577,CNXIA,THLCB,81120.30629431603,1726.4497168406147,2040
581,AEJAL,AEKHA,80491.70573942596,92.03744879936372,2040
583,FRLEH,LKCOL,80036.60058198021,10493.074270976644,2040
585,TWKAO,VNHPG,79290.90983036329,827.3642133207975,2040
590,BEANT,PTSNS,78893.14446975655,1249.0346352130562,2040
593,CNNSA,CNWGQ,78561.78697323421,968.3084438466516,2040
597,CNNBO,MYTPP,77397.33978465472,2204.3535023891413,2040
600,AUBRI,CNXIA,77065.01142474756,3998.29656796565,2040
601,CNNSA,HKHKG,77030.93967488338,90.74006270379002,2040
604,CNYTN,USOAK,76875.33130380843,6407.373011229532,2040
607,AEKHA,INMUN,76429.23761694212,1021.9534129337214,2040
609,CNYSN,JPYOK,76293.07945232285,1070.2091297206414,2040
613,USLSA,VNHPG,75926.96897103105,7209.971412763058,2040
616,PABAL,USOAK,75451.62980451145,3344.23015950194,2040
617,CNTJN,MYTPP,74992.86708780138,2905.4380846164077,2040
618,KRBUS,VNHPG,74903.24986228684,1711.716756628706,2040
619,ESVAL,GRPIR,74434.23289149934,1286.9936246442867,2040
620,CNYTN,VNHPG,74017.00729014583,626.6401569890363,2040
633,HKHKG,VNCMP,72324.87198274684,992.6990632965218,2040
634,PTSNS,USNYK,72224.04233281175,3238.4308716985934,2040
635,INMUN,SGSGP,71946.85415402724,2900.2083298328116,2040
638,CNXIA,VNHPG,71573.66476426572,869.3641601490193,2040
645,AEJAL,ZAPLZ,71090.41931244082,4635.604428109194,2040
647,EGPSA,ESALG,70823.27803139813,2001.8065698040482,2040
652,AEKHA,INNSA,70243.79616830472,1248.18666197301,2040
653,AEKHA,ESVAL,70030.5678448633,11250.722165732503,2040
664,CNXIA,JPYOK,68818.91985987891,1388.8322322102822,2040
665,CNSHE,CNYSN,68668.02507403617,881.9494632138557,2040
666,CNNSA,CNYTN,68379.22925405156,138.26242654624653,2040
670,CNYTN,LKCOL,67916.40027215704,3160.8193539061567,2040
676,AEJAL,CNMWN,67433.58090541448,5062.928322982809,2040
695,ESVAL,MYPKE,65725.08474122628,11067.646339278112,2040
700,KRBUS,MYPKE,65121.81103742249,2756.179264775014,2040
703,AEJAL,CNSHE,64386.84458950944,5040.588217129012,2040
704,ESALG,GHTEM,64351.51943261499,3004.9398945149555,2040
713,ESVAL,MATAN,62878.69604795827,487.6343324629931,2040
714,MYPKE,MYTPP,62743.42168760555,202.4343295262745,2040
720,MYPKE,TWKAO,62223.13777550947,1848.8044786785372,2040
722,ESVAL,FRLEH,62055.456628755055,1691.680904888739,2040
729,CNWGQ,MYTPP,61261.921390153366,2318.9715806693916,2040
732,HKHKG,HKHKG,61167.22265327799,63.14751199660912,2040
745,FRLEH,NLROT,60140.613152006496,326.1463569435522,2040
746,MXMAN,USLSA,60108.72492349082,1254.3343140270729,2040
748,GBLGP,MYTPP,59573.753282424615,12024.982881922055,2040
749,ESALG,GRPIR,59529.1660676487,1547.260547800257,2040
753,EGPSA,GBLGP,59265.54606973476,3387.485690122664,2040
759,MYPKE,VNCMP,58556.186808418024,843.6575168889991,2040
775,PTSNS,SGSGP,56699.33422688193,10942.048471571416,2040
787,CNNBO,USOAK,55963.175425356414,5799.111437547535,2040
788,CNMWN,KRBUS,55944.470165645485,1219.7095004247049,2040
790,CNMWN,TWKAO,55754.7545278555,392.27191620963174,2040
801,USLSA,VNCMP,55137.73954910464,7398.424954198047,2040
803,ESALG,ESVAL,55095.61882113315,444.9474105017262,2040
808,CNNSA,VNCMP,54792.25201590557,937.1476813245911,2040
827,GBLGP,INNSA,52999.134875190866,11021.52066992871,2040
830,CNQIN,JPYOK,52875.90100594935,1146.6473872261324,2040
831,CNYSN,TWKAO,52875.83347023161,694.2524938071773,2040
833,GBFEL,NLROT,52616.91774777363,201.77880780354099,2040
836,ESALG,FRLEH,52502.99250544549,1322.2976362290772,2040
842,INNSA,USNYK,52189.20316775037,11492.069080665038,2040
854,CNWGQ,CNYSN,51339.32793469997,142.92755361982765,2040
858,CNQIN,THLCB,50913.847658915154,2592.8853114026824,2040
859,MYTPP,VNHCM,50776.25377764235,696.6207656105905,2040
860,CNTJN,MYPKE,50679.75954251178,3074.7681420721433,2040
862,FRLEH,INMUN,50571.51899820093,11091.997551819935,2040
870,AEJAL,MYTPP,49823.025267197954,3547.833825517177,2040
874,GBLGP,SGSGP,49632.4646808867,11901.209913215189,2040
897,CNSHE,VNHPG,48692.829005804015,547.465987712563,2040
905,CNXIA,USLGB,48240.9159337757,6367.818303322073,2040
908,THLCB,TWKAO,48038.94908461907,1700.9604105151227,2040
925,BEANT,GBFEL,47182.4272839148,249.70791499423657,2040
931,CNMWN,CNWGQ,47013.5951771025,935.8320851998413,2040
937,CNYSN,GBFEL,46664.322125467865,14316.963157315693,2040
941,ESVAL,GBLGP,46468.57276167647,1830.1784575008962,2040
950,CNNSA,USLSA,45964.247476832534,6823.180684211204,2040
953,CNXIA,MYPKE,45872.32239979993,1912.9330747186498,2040
956,LKCOL,VNCMP,45700.10588207514,2265.374132168243,2040
970,CNNBO,VNHPG,45197.849253460314,1271.0687025052437,2040
971,CNNSA,KRBUS,45105.956808402196,1244.359919220599,2040
973,AEJAL,BEANT,44880.56624261767,11123.79632110105,2040
974,AEKHA,CNNBO,44867.6454107367,5838.244727089092,2040
976,CNQIN,CNXIA,44812.932535199034,935.3971403492433,2040
977,JPYOK,USOAK,44810.66290963922,4860.377718145204,2040
989,CNTJN,TWKAO,43985.37271772357,1287.6259496060143,2040
998,INMUN,NLROT,43251.98881021089,11155.084585253095,2040
999,AEKHA,CNTJN,43213.49363632158,6610.810250936364,2040
1005,JPYOK,THLCB,42949.86626434328,2978.4264274369552,2040
1006,ESVAL,NLROT,42914.627414762355,1854.2088644443845,2040
1008,MATAN,MATAN,42843.602330517686,238.39145713135272,2040
1023,INNSA,OMSAL,42260.86434930848,1122.3396720854828,2040
1026,CNQIN,VNCMP,42053.52466072234,2044.345057941231,2040
1040,CNQIN,CNSHE,40839.26112627597,1220.9424633174008,2040
1056,SGSGP,ZAPLZ,39897.887418771235,5958.612800722115,2040
1073,TWKAO,VNCMP,39420.71667320521,1162.293512646122,2040
1075,CNQIN,MYTPP,39308.45196178638,2611.479420077848,2040
1081,CNNSA,TWKAO,38975.991546055375,427.0120079664826,2040
1096,MATAN,USNYK,38072.529845363795,3401.128771722497,2040
1102,KRBUS,KRBUS,37696.05055441841,205.380960028733,2040
1105,AEJAL,GBLGP,37399.835548478266,11139.362638755794,2040
1114,CNMWN,VNCMP,37004.93916828309,979.2267791517704,2040
1127,CNMWN,CNYSN,36552.35138965291,905.1532229685484,2040
1136,OMSAL,SGSGP,36313.97981708834,3222.7958338736194,2040
1139,CNQIN,CNQIN,36127.674243113266,313.1728130777377,2040
1146,CNNSA,INNSA,35992.38297044378,3970.9748397974035,2040
1148,LKCOL,ZAPLZ,35967.42357684387,4828.263140300803,2040
1174,NLROT,PTSNS,35248.58024371044,1275.4763269453363,2040
1176,CNTJN,CNTJN,35099.58682532775,250.48461343582045,2040
1180,FRLEH,GBLGP,34898.48658452327,297.41160244042794,2040
1181,AEJAL,CNYSN,34806.78171281134,5747.281060400147,2040
1185,CNWGQ,CNYTN,34722.8391736385,918.668031962192,2040
1186,CNYSN,NLROT,34713.60367060053,14183.169977000158,2040
1199,CNQIN,VNHCM,34297.56744009101,2055.0337906104373,2040
1217,GHTEM,MYPKE,33828.46861544716,8089.408286065873,2040
1223,CNTJN,CNXIA,33668.11665718722,1202.5703416228378,2040
1228,CNWGQ,LKCOL,33525.80221194855,4090.4541422869024,2040
1241,AEKHA,CNNSA,33097.59723296365,5045.458451351307,2040
1250,AEJAL,KRBUS,32768.34342224708,6107.825135433675,2040
1285,CNNBO,CNNBO,31592.65686762829,303.55209274564453,2040
1291,CNTJN,CNWGQ,31480.350898056102,756.8874570268196,2040
1297,CNTJN,USLGB,31247.16744069099,6245.9430964223375,2040
1299,NLROT,NLROT,30997.13066560889,26.92968667096834,2040
1305,CNMWN,VNHCM,30837.328204047022,969.3163250010185,2040
1306,CNQIN,USLGB,30832.538358525446,6050.1269766658725,2040
1324,BEANT,USNYK,30229.84477373416,3637.508224631082,2040
1329,GRPIR,NLROT,30123.858895751586,2976.0418780044215,2040
1337,AEKHA,OMSAL,29875.357216953293,1030.0597866562634,2040
1340,BEANT,ESALG,29807.259555083903,1498.7066921258124,2040
1344,USOAK,VNCMP,29726.428841036868,7319.093825642459,2040
1349,CNYSN,VNCMP,29414.841169888638,1800.1965255760956,2040
1352,NLROT,ZAPLZ,29320.74452169377,6678.291443943587,2040
1363,CNQIN,USLSA,29081.088611886018,6189.00402418449,2040
1397,CNQIN,INNSA,28233.28124791125,5050.940699906471,2040
1414,JPYOK,VNCMP,27775.006439874967,2396.725548309915,2040
1424,CNMWN,CNXIA,27608.34892793614,355.8157716849874,2040
1432,CNMWN,CNNSA,27419.106177812922,88.55595668411746,2040
1443,INMUN,OMSAL,27044.781678237556,1030.0804658932143,2040
1445,ESALG,GBFEL,27009.149268880334,1465.1903203918353,2040
1462,CNNSA,VNHPG,26495.205732403272,521.0760866994663,2040
1476,CNTJN,USOAK,26058.691740050795,6653.125440452297,2040
1478,CNNBO,LKCOL,26015.51276144686,3932.9320189378614,2040
1480,AEKHA,CNQIN,25978.197870704957,6228.914697913881,2040
1499,CNNBO,JPYOK,25712.59640985759,1049.108941259251,2040
1518,CNMWN,USOAK,25169.803952103954,6382.442750937874,2040
1528,CNYTN,JPYOK,25007.550260930173,1646.6621367700534,2040
1542,CNWGQ,CNWGQ,24608.259160178142,422.9936480943228,2040
1552,CNMWN,CNSHE,24391.948530215028,22.23642185990191,2040
1555,AEJAL,CNYTN,24342.473822590626,5033.8289776465945,2040
1564,MYPKE,MYPKE,24111.692232545603,964.2633732616575,2040
1585,EGPSA,GRPIR,23545.49233536864,652.5445296499051,2040
1590,CNQIN,LKCOL,23419.644809990146,4275.383942390596,2040
1628,CNWGQ,VNCMP,22661.85156468096,1873.0408162925742,2040
1662,CNYSN,CNYSN,22043.031351769914,115.19062994839595,2040
1666,CNNBO,VNCMP,21958.669970539584,1648.8294745538135,2040
1678,MYTPP,VNCMP,21809.08213307268,668.5791227514288,2040
1684,ESALG,PTSNS,21724.709713278306,340.48727614431033,2040
1690,CNMWN,VNHPG,21621.139284147153,550.1937243106414,2040
1697,CNMWN,INNSA,21466.013342072725,3959.2136610008656,2040
1709,CNSHE,CNTJN,21168.32479318414,1516.221339676387,2040
1717,CNNSA,USOAK,21075.02039153123,6444.5272052130695,2040
1735,CNNSA,JPYOK,20792.272943045915,1703.2192597410487,2040
1746,CNTJN,LKCOL,20615.826311498615,4554.896602940996,2040
1751,AEJAL,THLCB,20585.53769041959,4422.430457319698,2040
1793,GBLGP,PTSNS,19673.643486863893,1213.416726610126,2040
1819,AEKHA,LKCOL,19298.246103527756,2166.6500214942353,2040
1880,AEKHA,VNCMP,18324.44404720809,4379.187898410666,2040
1905,INNSA,MYTPP,17862.864866696986,2478.1094467090825,2040
1918,TWKAO,TWKAO,17688.13152290178,265.68778484415316,2040
1935,AUBRI,CNWGQ,17400.754182484816,4701.493760020853,2040
1948,CNMWN,HKHKG,17216.963663839215,53.192592717080835,2040
1950,HKHKG,JPYOK,17161.880038212912,1622.4505444574236,2040
1966,GRPIR,PTSNS,16905.45844702659,1807.899417974591,2040
1972,AEJAL,AEJAL,16838.11525373786,450.87750782954294,2040
1998,CNNBO,INNSA,16496.17950961756,4675.711383188296,2040
2025,CNMWN,CNQIN,16150.858076249064,1269.2486399303586,2040
2032,NLROT,USNYK,16064.65975623213,3472.71307604361,2040
2052,HKHKG,LKCOL,15871.510602614253,3058.5041382401378,2040
2060,FRLEH,GBFEL,15745.465875247774,295.0860251312947,2040
2082,CNWGQ,USOAK,15447.208596203725,6028.280560989108,2040
2096,CNXIA,CNXIA,15237.25626050204,612.8363241006055,2040
2127,AEKHA,ZAPLZ,14863.483905173407,4771.1498277502,2040
2147,CNYTN,MYPKE,14630.17711444258,1767.0439890593238,2040
2176,AEKHA,CNSHE,14303.41003873091,5024.525949072484,2040
2282,MYTPP,OMSAL,13356.898284793415,3233.925051400461,2040
2328,EGPSA,NLROT,12933.830336696908,3367.535110503714,2040
2359,MYTPP,ZAPLZ,12596.925205187694,5399.17461370382,2040
2371,HKHKG,INMUN,12545.762537806366,4319.2998256475385,2040
2377,CNYTN,VNHCM,12491.77169411453,975.8384049355941,2040
2388,KRBUS,THLCB,12403.006644098099,2586.4655925900447,2040
2393,CNSHE,CNYTN,12339.181297643561,107.4199413906447,2040
2397,CNYSN,THLCB,12300.890679431388,2593.1284320596023,2040
2406,LKCOL,THLCB,12222.888074752927,2403.8944935934787,2040
2470,CNYTN,THLCB,11608.1515120689,1571.6991922493416,2040
2476,CNYTN,INMUN,11538.599482883035,4336.713984119492,2040
2478,MYTPP,MYTPP,11521.984170575128,1610.7498920622631,2040
2490,MXMAN,USLGB,11449.15231175856,1261.4621918072826,2040
2500,JPYOK,SGSGP,11342.078030296838,2937.1304983094665,2040
2501,GBFEL,PTSNS,11339.939357859324,1181.2715796278521,2040
2556,CNTJN,VNCMP,10937.173805655642,2371.1679009821073,2040
2564,CNNSA,CNNSA,10889.038648670597,394.0688271604599,2040
2572,CNYSN,INMUN,10861.38850611724,5044.264147799778,2040
2589,JPYOK,TWKAO,10668.268528198036,1410.7769562008323,2040
2592,PABAL,USNYK,10658.223881718659,2161.7322684818832,2040
2603,ESVAL,ESVAL,10592.5041636778,39.1490375494394,2040
2626,LKCOL,LKCOL,10364.622824701757,693.1590212815346,2040
2655,CNQIN,INMUN,10101.575604150024,5419.438536000694,2040
2666,CNWGQ,INMUN,10025.121608908348,5082.348697094776,2040
2670,CNNSA,INMUN,9973.39328812176,4291.369805418171,2040
2688,AUBRI,CNNBO,9793.695996530205,4094.3349370776546,2040
2714,AUBRI,CNSHE,9623.738054569,4160.779144623701,2040
2730,KRBUS,OMSAL,9543.777040132572,5829.187544360448,2040
2835,BEANT,BEANT,8920.842330862652,199.32853630284765,2040
2847,PABAL,USLGB,8851.745641124877,2976.2337935661453,2040
2859,ESALG,ESALG,8783.294206606219,67.20142504271244,2040
2870,CNSHE,MYTPP,8722.815972815966,1542.7210391647832,2040
2882,AUBRI,CNNSA,8638.883811546533,4226.646330849997,2040
2893,INMUN,VNCMP,8537.8392665296,3521.162168040596,2040
2981,EGPSA,ESVAL,7913.20638360358,1717.3690568217644,2040
2985,CNTJN,VNHCM,7857.26025063258,2316.452931519592,2040
3023,GRPIR,MATAN,7650.172206280003,1590.7372211851748,2040
3037,GHTEM,ZAPLZ,7576.487928471886,3044.0538633198917,2040
3054,INNSA,INNSA,7444.454013983871,2257.6839745198863,2040
3055,ESALG,GBLGP,7442.160876447603,1452.7477003207707,2040
3059,CNSHE,INNSA,7415.431284381437,3982.0017797380638,2040
3071,CNQIN,VNHPG,7369.374473338,1644.278374813557,2040
3083,VNCMP,VNHCM,7283.317291432507,282.7569423609619,2040
3100,AEJAL,CNXIA,7196.116831552853,5342.104748113189,2040
3125,BEANT,GHTEM,7034.925521794815,4269.392658043469,2040
3142,GBFEL,GRPIR,6963.315354430301,2885.0246066642203,2040
3285,AUBRI,CNMWN,6285.721449764667,4160.55590308885,2040
3323,INNSA,THLCB,6121.715785716435,3665.375026706681,2040
3334,CNSHE,CNSHE,6067.148825323038,44.82930752682147,2040
3348,EGPSA,EGPSA,6015.591826849608,1204.702820049035,2040
3376,CNWGQ,INNSA,5865.31305474943,4753.3197613283355,2040
3394,GBLGP,USNYK,5791.852841643078,3468.831826221774,2040
3412,INNSA,VNHPG,5738.382893985199,3812.6671117220417,2040
3440,INMUN,THLCB,5608.2941085264,3660.301979369726,2040
3495,MXMAN,USOAK,5427.089490245084,1912.0158267804452,2040
3503,CNYTN,INNSA,5391.925430654372,3979.349830218687,2040
3543,THLCB,THLCB,5265.402151217423,381.19064111135015,2040
3558,BRSTS,BRSTS,5206.360404949302,234.1607057656936,2040
3705,CNNSA,LKCOL,4645.35307820246,3127.3222130606828,2040
3805,ZAPLZ,ZAPLZ,4331.931670668826,872.9003682142308,2040
3853,AEKHA,AEKHA,4211.460887975054,271.7841171268744,2040
3917,AEJAL,VNHCM,4024.385222804228,4226.986905246224,2040
3955,MXMAN,MXMAN,3935.8143873843933,67.04062671789045,2040
4006,PABAL,PABAL,3814.6598767470105,39.72800126226468,2040
4034,INMUN,INMUN,3749.164213193587,53.118021489679855,2040
4038,MATAN,PTSNS,3735.9964852705816,304.05260756815846,2040
4051,CNSHE,JPYOK,3703.7862674978487,1644.0447972456136,2040
4055,CNYSN,VNHPG,3699.182653848993,1390.1712788139732,2040
4058,CNYTN,CNYTN,3693.60023965399,487.5612078796902,2040
4094,CNTJN,JPYOK,3608.5199914785235,1376.3001441430586,2040
4121,CNMWN,CNMWN,3528.312118024867,26.472053056333056,2040
4287,CNSHE,LKCOL,3083.4095192601376,3134.6175468635156,2040
4555,GBFEL,GBLGP,2526.0336657609473,105.77397068226418,2040
4576,OMSAL,OMSAL,2483.345791201639,235.3969149053317,2040
4586,VNHCM,VNHCM,2454.78593100494,933.6480499152021,2040
4688,GRPIR,GRPIR,2302.6199008514327,356.39956283892263,2040
4717,VNHPG,VNHPG,2264.7688531724543,1136.2491918584014,2040
4826,PTSNS,PTSNS,2100.8322363979587,349.78413358999586,2040
4855,CNMWN,CNYTN,2046.698886019572,89.16898636860127,2040
4914,VNCMP,VNCMP,1947.4438943521498,377.60167165894063,2040
5484,FRLEH,FRLEH,1226.6810146053747,132.2179616961567,2040
5644,GHTEM,GHTEM,1066.325094724357,27.118530587146346,2040
5654,AUBRI,AUBRI,1056.912110004697,578.780251852941,2040
5761,USLSA,USLSA,955.7968016660145,84.72522967821924,2040
5851,JPYOK,JPYOK,884.6315276600965,13.575894418057546,2040
5928,USLGB,USLGB,835.7062674686907,10.6805521097046,2040
5943,USNYK,USNYK,827.6932024501009,62.56293616328525,2040
6977,USLGB,USLSA,277.22178724277916,6.8520928442001505,2040
7042,GBFEL,GBFEL,254.1097768615223,135.42265312413738,2040
