port_code,port_name_cn,country_code,country_cn,country_en,port_lon,port_lat,continent,n_corridors_endpoint,n_container_berths,is_feasible,is_intermediate,C_base_MUSD,C_depth_MUSD,C_remote_MUSD,C_cap_MUSD,cost_p,change
DKAHS,奥尔胡斯,DK,丹麦,Denmark,10.233333,56.166667,Europe,24,15,True,True,100.0,0.0,81.72121322706973,181.7212132270697,17.15319698611712,added
AUADE,阿德莱德,AU,澳大利亚,Australia,138.5,-34.783333,Australia,6,3,True,True,100.0,15.0,87.35218990032847,202.35218990032848,19.100615235246877,removed
DZALG,阿尔及尔,DZ,阿尔及利亚,Algeria,3.067417,36.766255,Africa,31,14,True,False,100.0,0.0,83.82267486035835,183.82267486035835,17.351560098020435,added
ESALI,阿利坎特,ES,西班牙,Spain,-0.466667,38.383333,Europe,18,2,True,False,100.0,20.0,88.78234260174284,208.78234260174284,19.707576161709277,added
ITANC,安科纳,IT,意大利,Italy,13.533333,43.616667,Europe,10,2,True,False,100.0,20.0,70.77509252906584,190.77509252906583,18.00781914275884,added
GUAPR,阿普拉(关岛),GU,关岛,Guam,144.642048,13.452902,Australia,7,0,True,False,100.0,30.0,49.8555778539865,179.85557785398652,16.977094204881688,removed
JOAQA,亚喀巴,JO,约旦,Jordan,34.99015,29.5107,Asia,15,7,True,True,100.0,0.0,35.026900349453406,135.0269003494534,12.745584178027938,added
CAARG,阿真舍,CA,加拿大,Canada,-53.988962,47.293261,North America,2,0,True,False,100.0,30.0,64.98977986426652,194.98977986426652,18.40565581142148,added
ESACF,阿雷西费,ES,西班牙,Spain,-13.542366,28.957567,Europe,11,1,True,False,100.0,25.0,110.67991084537778,235.67991084537778,22.24651632360486,added
TRAAP,阿桑波特,TR,土耳其,Turkey,36.200638,36.679433,Asia,19,2,True,False,100.0,20.0,37.294882052495645,157.29488205249564,14.847524121375379,added
NZAKL,奥克兰,NZ,新西兰,New Zealand,174.769478,-36.840752,Australia,23,5,True,True,100.0,5.0,136.25976920775872,241.25976920775872,22.77321547966297,removed
USBAL,巴尔的摩,US,美国,United States Of America,-76.583333,39.283333,North America,14,4,True,True,100.0,10.0,32.306977476113985,142.30697747611399,13.432771957649985,removed
THBKK,曼谷,TH,泰国,Thailand,100.574341,13.69736,Asia,14,12,True,True,100.0,0.0,23.14893208970927,123.14893208970926,11.624388002105162,removed
PHBAT,巴坦加斯,PH,菲律宾,Philippines,121.05,13.75,Asia,18,2,True,False,100.0,20.0,31.313761142106003,151.313761142106,14.282948619419535,removed
CNBYQ,鲅鱼圈,CN,中国,China,122.0684,40.268517,Asia,36,10,True,False,100.0,0.0,16.48299985969658,116.48299985969658,10.995171156107999,removed
DZBJA,贝贾亚,DZ,阿尔及利亚,Algeria,5.083333,36.75,Africa,11,0,True,False,100.0,30.0,80.91424875974758,210.91424875974758,19.90881302137341,added
GBBEL,贝尔法斯特,GB,英国,United Kingdom,-5.899744,54.634058,Europe,8,1,True,False,100.0,25.0,96.90098321659443,221.90098321659443,20.94588303111942,added
ESBIL,毕尔巴鄂,ES,西班牙,Spain,-3.041153,43.357388,Europe,20,2,True,True,100.0,20.0,92.1803166041563,212.1803166041563,20.028320869396605,added
TRBOR,博鲁桑,TR,土耳其,Turkey,29.083333,40.416667,Asia,23,3,True,True,100.0,15.0,49.274839983853326,164.27483998385333,15.506382772081075,added
AUBRI,布里斯班,AU,澳大利亚,Australia,153.169467,-27.350967,Australia,29,12,True,True,100.0,0.0,99.73444243068613,199.73444243068613,18.85351839273033,removed
GBBTL,布里斯托尔,GB,英国,United Kingdom,-2.583333,51.45,Europe,8,3,True,False,100.0,15.0,92.62335153805431,207.6233515380543,19.598175604297428,added
DEBRU,布龙斯比特尔,DE,德国,Germany,9.15,53.883333,Europe,24,0,True,False,100.0,30.0,81.22335071132375,211.22335071132375,19.937990058935632,added
COBUE,布韦那文图拉,CO,哥伦比亚,Colombia,-77.083333,3.883333,South America,21,10,True,False,100.0,0.0,55.47946338321839,155.4794633832184,14.676161441733372,removed
ARBNA,布宜诺斯艾利斯,AR,阿根廷,Argentina,-58.362293,-34.592025,South America,12,8,True,True,100.0,0.0,131.3101176398156,231.3101176398156,21.834038758038847,removed
KRBUS,釜山,KR,韩国,Korea South,129.052391,35.112607,Asia,162,41,True,True,100.0,0.0,13.50648121886048,113.50648121886049,10.714208853070142,removed
ESCAD,加的斯,ES,西班牙,Spain,-6.278343,36.541364,Europe,18,1,True,True,100.0,25.0,97.31756126389119,222.3175612638912,20.985205051804176,added
PECAL,卡亚俄,PE,秘鲁,Peru,-77.15,-12.05,South America,28,4,True,False,100.0,10.0,81.16899547775544,191.16899547775546,18.04500079454455,removed
MACAS,卡萨布兰卡,MA,摩洛哥,Morocco,-7.616667,33.6,Africa,46,14,True,True,100.0,0.0,100.01308276642811,200.0130827664281,18.8798200692511,added
INCHN,钦奈,IN,印度,India,80.3,13.1,Asia,21,7,True,True,100.0,0.0,46.05002282375746,146.05002282375744,13.786088959203733,removed
BDCTG,吉大港,BD,孟加拉国,Bangladesh,91.883333,22.35,Asia,23,14,True,True,100.0,0.0,43.36491181785389,143.36491181785388,13.532633475411078,removed
CNCGM,上海-崇明,CN,中国,China,121.382233,31.619333,Asia,20,0,True,True,100.0,30.0,0.8883043644728702,130.88830436447287,12.354929994536334,removed
ITCIV,奇维塔韦基亚,IT,意大利,Italy,11.783333,42.083333,Europe,11,1,True,False,100.0,25.0,72.45997116278154,197.45997116278153,18.638824395233843,added
ROCON,康斯坦萨,RO,罗马尼亚,Romania,28.656807,44.155262,Europe,28,6,True,True,100.0,0.0,52.96782542570977,152.96782542570978,14.439080586516319,added
IECOK,科克,IE,爱尔兰,Ireland,-8.466667,51.9,Europe,9,4,True,True,100.0,10.0,99.23901664383985,209.23901664383985,19.750682960653812,added
BJCOT,科托努,BJ,贝宁,Benin,2.428967,6.3469,Africa,13,1,True,True,100.0,25.0,98.69597353729063,223.69597353729063,21.115317419170758,removed
CNDCB,大铲湾,CN,中国,China,113.852567,22.533467,Asia,55,5,True,True,100.0,5.0,19.717688445021533,124.71768844502154,11.772467504261414,removed
SNDAK,达喀尔,SN,塞内加尔,Senegal,-17.433333,14.6833,Africa,22,3,True,True,100.0,15.0,124.9790832572265,239.9790832572265,22.65232778583395,added
CNDAL,大连,CN,中国,China,121.737442,38.978628,Asia,60,13,True,True,100.0,0.0,14.141637588140037,114.14163758814004,10.774163121070902,removed
SADMA,达曼,SA,沙特阿拉伯,Saudi Arabia,50.206833,26.510212,Asia,21,13,True,True,100.0,0.0,10.270193553510094,110.2701935535101,10.408726191790908,removed
VNDAN,岘港,VN,越南,Vietnam,108.230438,16.111792,Asia,28,2,True,False,100.0,20.0,27.901387857365282,147.90138785736528,13.960844721344737,removed
TZDRS,达累斯萨拉姆,TZ,坦桑尼亚,Tanzania,39.293118,-6.823008,Africa,17,4,True,True,100.0,10.0,64.93824253563596,174.93824253563596,16.512932537321937,removed
PHDAV,达沃,PH,菲律宾,Philippines,125.627031,7.073807,Asia,21,3,True,False,100.0,15.0,40.56828762969604,155.56828762969604,14.684545822235338,removed
TRDER,代林杰,TR,土耳其,Turkey,29.834417,40.7459,Asia,21,0,True,True,100.0,30.0,48.61559481610241,178.6155948161024,16.860048578063797,added
DJDJI,吉布提,DJ,吉布提,Djibouti,43.133333,11.583333,Africa,31,3,True,True,100.0,15.0,33.278263573592085,148.27826357359208,13.996419122840969,removed
IEDUB,都柏林,IE,爱尔兰,Ireland,-6.20573,53.344608,Europe,20,10,True,False,100.0,0.0,96.96729732885538,196.96729732885538,18.592319470612406,added
MXESE,恩塞纳达(墨),MX,墨西哥,Mexico,-116.6246,31.850733,Central America,9,3,True,True,100.0,15.0,33.70694413462511,148.7069441346251,14.036883535206137,removed
ESFER,费罗尔,ES,西班牙,Spain,-8.266667,43.466667,Europe,8,1,True,False,100.0,25.0,99.01086435113342,224.01086435113342,21.145040884379057,added
MQFDF,法兰西堡,MQ,马提尼克,Martinique,-61.05,14.583333,Central America,13,0,True,False,100.0,30.0,62.4221911420799,192.4221911420799,18.163293599828897,added
DKFRE,腓特烈西亚,DK,丹麦,Denmark,9.766667,55.583333,Europe,15,1,True,True,100.0,25.0,81.74428453008295,206.74428453008295,19.51519789749064,added
AUFRE,弗里曼特尔,AU,澳大利亚,Australia,115.75,-32.05,Australia,9,7,True,True,100.0,0.0,63.34571736378411,163.3457173637841,15.4186801695985,removed
PTFNC,丰沙尔,PT,葡萄牙,Portugal,-16.912766,32.642952,Europe,4,2,True,False,100.0,20.0,114.08884426512304,234.08884426512304,22.0963308940423,added
CNFUN,福州新港,CN,中国,China,119.308128,25.393912,Asia,40,9,True,True,100.0,0.0,10.881984927928853,110.88198492792885,10.466474969566782,removed
CNGLA,高栏,CN,中国,China,113.212217,21.928867,Asia,30,4,True,True,100.0,10.0,21.229260554129855,131.22926055412987,12.387113846828331,removed
SEGAV,耶夫勒,SE,瑞典,Sweden,17.2433,60.694817,Europe,15,2,True,False,100.0,20.0,79.95789888383162,199.9578988838316,18.87461110111894,added
PLGDY,格丁尼亚,PL,波兰,Poland,18.566667,54.533333,Europe,31,6,True,False,100.0,0.0,72.79660743789836,172.79660743789836,16.31077733457204,added
TRGEB,吉贝兹,TR,土耳其,Turkey,29.534812,40.765663,Asia,32,2,True,True,100.0,20.0,48.996393540689596,168.9963935406896,15.952064026364326,added
SEGOT,哥德堡,SE,瑞典,Sweden,11.848068,57.68323,Europe,22,10,True,True,100.0,0.0,81.44094055485074,181.44094055485073,17.12674122858049,added
GBGRA,格兰奇茅斯,GB,英国,United Kingdom,-3.69278,56.031773,Europe,8,4,True,False,100.0,10.0,95.03233759452596,205.03233759452596,19.353602217526216,added
GBGNK,格里诺克,GB,英国,United Kingdom,-4.766667,55.95,Europe,8,1,True,False,100.0,25.0,96.07568377120235,221.07568377120236,20.867980601854576,added
ECGYL,瓜亚基尔,EC,厄瓜多尔,Ecuador,-79.930086,-2.257278,South America,27,10,True,False,100.0,0.0,62.97551579045163,162.97551579045162,15.383735759976892,removed
ILHFA,海法,IL,以色列,Israel,35.002613,32.824644,Asia,28,9,True,True,100.0,0.0,36.281074936056946,136.28107493605694,12.863969386650284,added
VNHPG,海防,VN,越南,Vietnam,106.828308,20.81389,Asia,52,24,True,True,100.0,0.0,30.05886537630937,130.05886537630937,12.276636821718055,removed
JPHKA,博多,JP,日本,Japan,130.383333,33.616667,Asia,39,4,True,False,100.0,10.0,14.287368923851323,124.28736892385132,11.73184838565372,removed
SEHEL,赫尔辛堡,SE,瑞典,Sweden,12.689037,56.042945,Europe,19,4,True,False,100.0,10.0,79.38836060420202,189.38836060420203,17.87692145914937,added
FIHEL,赫尔辛基,FI,芬兰,Finland,24.95,60.166667,Europe,15,10,True,False,100.0,0.0,74.08417597490042,174.0841759749004,16.432314695874627,added
VNHCM,胡志明市,VN,越南,Vietnam,106.710033,10.776988,Asia,66,25,True,True,100.0,0.0,17.9331971081279,117.9331971081279,11.132059517292252,removed
HKHKG,中国香港,HK,中国香港,"Hong Kong, China",114.181938,22.298785,Asia,105,25,True,True,100.0,0.0,19.740811750975194,119.7408117509752,11.302685552046958,removed
USHNL,檀香山,US,美国,United States Of America,-157.868643,21.300094,North America,11,5,True,True,100.0,5.0,102.1868922711502,207.1868922711502,19.556976937126592,removed
CNHPU,黄埔,CN,中国,China,113.470483,23.077133,Asia,51,20,True,True,100.0,0.0,19.339657393697603,119.3396573936976,11.264819418588871,removed
ESHUE,韦尔瓦,ES,西班牙,Spain,-6.95,37.25,Europe,10,1,True,False,100.0,25.0,98.13184076000474,223.13184076000474,21.062067275815075,added
GBHUL,赫尔,GB,英国,United Kingdom,-0.233333,53.716667,Europe,8,2,True,False,100.0,20.0,90.7430502474825,210.7430502474825,19.892653092917815,added
CNHUM,虎门,CN,中国,China,113.659717,22.81445,Asia,48,7,True,False,100.0,0.0,19.51041517635786,119.51041517635787,11.280937745287604,removed
GBIMM,伊明赫姆,GB,英国,United Kingdom,-0.192432,53.628048,Europe,25,0,True,True,100.0,30.0,90.66922752417035,220.66922752417037,20.829614007510603,added
KRINC,仁川,KR,韩国,Korea South,126.607819,37.439929,Asia,35,11,True,True,100.0,0.0,13.699364660891087,113.69936466089109,10.73241568549084,removed
TRISK,伊斯肯德伦,TR,土耳其,Turkey,36.180811,36.596718,Asia,23,2,True,True,100.0,20.0,37.25036491343237,157.25036491343238,14.84332201837348,added
BRITA,伊塔瓜伊,BR,巴西,Brazil,-43.835878,-22.933812,South America,9,3,True,True,100.0,15.0,129.59368780008228,244.59368780008228,23.087913809782226,removed
BRIJI,伊塔雅伊,BR,巴西,Brazil,-48.6646,-26.899129,South America,14,3,True,True,100.0,15.0,129.3558718725393,244.3558718725393,23.0654656685931,removed
BRIOA,伊塔波阿,BR,巴西,Brazil,-48.601391,-26.181417,South America,20,2,True,True,100.0,20.0,128.45566642395764,248.45566642395764,23.452457271247734,removed
TRIZM,伊兹密尔,TR,土耳其,Turkey,27.15,38.416667,Asia,27,7,True,False,100.0,0.0,50.37918763694324,150.37918763694324,14.194731491945094,added
USJAC,杰克逊维尔,US,美国,United States Of America,-81.377283,30.398817,North America,15,6,True,True,100.0,0.0,21.245140811187415,121.24514081118741,11.44468357332099,removed
IDJAK,雅加达,ID,印度尼西亚,Indonesia,106.788826,-6.09208,Asia,63,35,True,True,100.0,0.0,14.27138713979832,114.27138713979832,10.786410560865804,removed
CNJIT,京唐,CN,中国,China,118.997083,39.205083,Asia,32,6,True,False,100.0,0.0,14.987339686766818,114.98733968676682,10.853991416467496,removed
CNJIN,锦州,CN,中国,China,121.066667,40.783333,Asia,24,4,True,False,100.0,10.0,17.395849319439247,127.39584931943925,12.025266944808818,removed
TWKAO,高雄-中国台湾,TW,中国台湾,"Taiwan, China",120.260382,22.620829,Asia,84,32,True,True,100.0,0.0,15.448545820219923,115.44854582021992,10.897526012774868,removed
INKUP,卡图帕丽,IN,印度,India,80.345767,13.304483,Asia,17,2,True,True,100.0,20.0,45.92598296237599,165.925982962376,15.662238988644262,removed
TWKEE,基隆-中国台湾,TW,中国台湾,"Taiwan, China",121.7559,25.15113,Asia,40,12,True,True,100.0,0.0,10.780708397048258,110.78070839704826,10.456915181507837,removed
AEKFA,毫尔费坎,AE,阿联酋,United Arab Emirates,56.364756,25.359318,Asia,21,2,True,True,100.0,20.0,0.33467847747007634,120.33467847747008,11.358742369862378,removed
DEKIL,基尔,DE,德国,Germany,10.168817,54.36055,Europe,21,0,True,False,100.0,30.0,80.52847451410842,210.52847451410844,19.872398661651133,added
SAKAP,阿卜杜拉国王港,SA,沙特阿拉伯,Saudi Arabia,39.066667,22.516667,Asia,16,6,True,True,100.0,0.0,28.878159902365653,128.87815990236567,12.165186577591433,added
JMKIN,金斯顿,JM,牙买加,Jamaica,-76.7936,17.997,Central America,65,10,True,True,100.0,0.0,36.45484902309264,136.45484902309263,12.880372431143947,removed
LTKLJ,克莱佩达,LT,立陶宛,Lithuania,21.116667,55.716667,Europe,32,17,True,False,100.0,0.0,71.77039618467298,171.77039618467296,16.213910251949443,added
JPKOB,神户,JP,日本,Japan,135.237233,34.685033,Asia,67,18,True,True,100.0,0.0,21.773176922595884,121.77317692259588,11.494526446774927,removed
FIKOT,科特卡,FI,芬兰,Finland,26.95,60.466667,Europe,17,6,True,False,100.0,0.0,73.22132000073249,173.22132000073248,16.35086719597787,added
CMKBI,克里比深水港,CM,喀麦隆,Cameroon,9.857017,2.736233,Africa,10,1,True,True,100.0,25.0,90.10412603772579,215.1041260377258,20.304307796146958,added
KRGWA,光阳,KR,韩国,Korea South,127.728767,34.866497,Asia,46,20,True,True,100.0,0.0,11.612212188784875,111.61221218878488,10.535403257176466,removed
THLCB,林查班,TH,泰国,Thailand,100.886078,13.056152,Asia,53,21,True,True,100.0,0.0,21.894727582978977,121.89472758297897,11.505999969234512,removed
NGLAG,拉各斯,NG,尼日利亚,Nigeria,3.3833,6.45,Africa,20,8,True,True,100.0,0.0,97.08442693124668,197.0844269312467,18.603375676473267,removed
MXLCS,拉萨罗卡德纳斯,MX,墨西哥,Mexico,-102.166667,17.883333,Central America,33,5,True,True,100.0,5.0,24.201397424655628,129.20139742465562,12.195697913030383,removed
PTLXS,雷克索斯,PT,葡萄牙,Portugal,-8.716667,41.183333,Europe,33,1,True,False,100.0,25.0,99.88689475289553,224.88689475289553,21.22773195704142,added
CNLYG,连云港,CN,中国,China,119.483333,34.733333,Asia,47,9,True,True,100.0,0.0,7.143961284977778,107.14396128497778,10.113631981411167,removed
CYLIM,利马索尔,CY,塞浦路斯,Cyprus,33.05,34.6667,Asia,17,3,True,False,100.0,15.0,40.083802214321004,155.083802214321,14.63881382639815,added
PTLIS,里斯本,PT,葡萄牙,Portugal,-9.1667,38.733333,Europe,31,3,True,True,100.0,15.0,100.94922776251593,215.94922776251593,20.384079420500573,added
GBLIV,利物浦,GB,英国,United Kingdom,-3.005791,53.436128,Europe,19,6,True,True,100.0,0.0,93.57732609792178,193.5773260979218,18.27233016793912,added
ITLIV,里窝那,IT,意大利,Italy,10.3,43.55,Europe,17,5,True,True,100.0,5.0,74.87217178737116,179.87217178737114,16.97866055480345,added
USLGB,长滩,US,美国,United States Of America,-118.217354,33.74561,North America,32,27,True,True,100.0,0.0,36.31676961522759,136.3167696152276,12.86733871185067,removed
USLSA,洛杉矶,US,美国,United States Of America,-118.244,33.738045,North America,29,51,True,True,100.0,0.0,36.35519955553447,136.35519955553445,12.870966226352373,removed
BRMAN,马瑙斯,BR,巴西,Brazil,-60.033932,-3.131603,South America,11,1,True,False,100.0,25.0,84.28072612127164,209.28072612127164,19.75462004025982,removed
PHMAN,马尼拉,PH,菲律宾,Philippines,120.94162,14.596732,Asia,50,24,True,False,100.0,0.0,29.7935605765575,129.7935605765575,12.251593925455747,removed
MXMAN,曼萨尼约,MX,墨西哥,Mexico,-104.293756,19.073908,Central America,33,9,True,True,100.0,0.0,24.345053175396245,124.34505317539625,11.737293370926356,removed
CUMAR,马里埃尔,CU,古巴,Cuba,-82.766667,23.016667,Central America,22,2,True,False,100.0,20.0,22.987027875618523,142.98702787561854,13.49696390451209,added
FRMRS,马赛,FR,法国,France,5.336367,43.3331,Europe,18,6,True,False,100.0,0.0,81.2294575260614,181.2294575260614,17.106778726748022,added
CNMWN,妈湾,CN,中国,China,113.862187,22.508158,Asia,62,9,True,True,100.0,0.0,19.74475410451966,119.74475410451966,11.303057682332334,removed
AUMEL,墨尔本,AU,澳大利亚,Australia,144.912243,-37.858862,Australia,21,10,True,True,100.0,0.0,98.08354482749165,198.08354482749166,18.697685337862275,removed
LYMIS,米苏拉塔区,LY,利比亚,Libya,15.216667,32.366667,Africa,26,6,True,True,100.0,0.0,65.83874336532025,165.83874336532025,15.654004187837508,added
USMOB,莫比尔,US,美国,United States Of America,-88.1167,30.6833,North America,14,2,True,True,100.0,20.0,10.854804098124472,130.85480409812448,12.351767806382531,removed
NLMDK,穆尔代克,NL,荷兰,Netherlands,4.613571,51.692458,Europe,10,3,True,True,100.0,15.0,84.78749907625819,199.7874990762582,18.858526564736,added
KEMOM,蒙巴萨,KE,肯尼亚,Kenya,39.647169,-4.053188,Africa,30,6,True,True,100.0,0.0,60.21989121861995,160.21989121861995,15.123624294391695,removed
UYMON,蒙得维的亚,UY,乌拉圭,Uruguay,-56.216667,-34.916667,South America,18,6,True,True,100.0,0.0,133.55664747572854,233.55664747572854,22.046095282020186,removed
CAMTL,蒙特利尔,CA,加拿大,Canada,-73.55,45.5167,North America,17,22,True,True,100.0,0.0,41.667167970301755,141.66716797030176,13.372378466478022,added
BRMUC,穆库里佩,BR,巴西,Brazil,-38.476868,-3.709925,South America,7,0,True,False,100.0,30.0,114.29293301532765,244.29293301532766,23.059524685717953,added
JPNAG,名古屋,JP,日本,Japan,136.866667,35.066667,Asia,42,13,True,True,100.0,0.0,24.273756234370566,124.27375623437057,11.730563444066396,removed
JPNAH,那霸,JP,日本,Japan,127.675638,26.229272,Asia,13,4,True,False,100.0,10.0,13.201025992754069,123.20102599275407,11.629305298026946,removed
CNNJG,南京,CN,中国,China,118.764874,32.137024,Asia,54,8,True,False,100.0,0.0,4.513751604342357,104.51375160434236,9.865358794337757,removed
CNNSA,南沙,CN,中国,China,113.682083,22.64515,Asia,116,31,True,True,100.0,0.0,19.72829843434347,119.72829843434347,11.301504383479337,removed
FRSNA,圣纳泽尔,FR,法国,France,-2.2,47.283333,Europe,18,0,True,False,100.0,30.0,91.412602073659,221.412602073659,20.89978330615991,added
CNNTG,南通,CN,中国,China,120.81025,32.00315,Asia,54,8,True,True,100.0,0.0,1.861556387350001,101.86155638735,9.61501032816358,removed
ITNAP,那不勒斯,IT,意大利,Italy,14.283333,40.833333,Europe,21,12,True,True,100.0,0.0,68.72678902269794,168.72678902269794,15.926615267117493,added
CANWE,新威斯敏斯特,CA,加拿大,Canada,-122.912378,49.199261,North America,5,3,True,True,100.0,15.0,51.96352380982648,166.96352380982648,15.760175504813251,removed
INNSA,纳瓦舍瓦尼赫鲁,IN,印度,India,72.9428,18.953883,Asia,65,9,True,True,100.0,0.0,29.821235778012014,129.821235778012,12.254206268691574,removed
SENOR,诺尔雪平,SE,瑞典,Sweden,16.248651,58.620336,Europe,9,0,True,False,100.0,30.0,78.63008119985975,208.63008119985975,19.69320376250776,added
GLNUK,努克,GL,格陵兰,Greenland,-51.716667,64.166667,Europe,7,0,True,False,100.0,30.0,79.06768863356452,209.0676886335645,19.73451080850215,added
SENYN,尼奈斯港,SE,瑞典,Sweden,17.966667,58.916667,Europe,11,1,True,False,100.0,25.0,77.58611426985544,202.58611426985544,19.12269604088917,added
USOAK,奥克兰,US,美国,United States Of America,-122.320518,37.814824,North America,33,23,True,True,100.0,0.0,43.36699288989888,143.36699288989888,13.532829913890088,removed
NGONN,恩纳,NG,尼日利亚,Nigeria,7.166667,4.683333,Africa,8,6,True,True,100.0,0.0,92.55068846713401,192.55068846713402,18.175422838290938,removed
DZWAH,瓦赫兰,DZ,阿尔及利亚,Algeria,-0.65,35.716667,Africa,14,0,True,False,100.0,30.0,89.3102628141313,219.3102628141313,20.70133735254818,added
JPOSK,大阪,JP,日本,Japan,135.433333,34.65,Asia,57,12,True,True,100.0,0.0,22.0419899549404,122.0419899549404,11.519900495375843,removed
GAOWE,奥文多,GA,加蓬,Gabon,9.5,0.283333,Africa,10,0,True,True,100.0,30.0,92.98027319939568,222.9802731993957,21.04776037032142,added
BRPAR,巴拉那瓜,BR,巴西,Brazil,-48.515217,-25.502281,South America,19,3,True,True,100.0,15.0,127.63587385630395,242.63587385630393,22.903110023568047,removed
MYPAG,帕西古当,MY,马来西亚,Malaysia,103.900833,1.426733,Asia,22,3,True,True,100.0,15.0,0.36588099758427867,115.36588099758428,10.889723038310244,removed
MYPEN,槟城,MY,马来西亚,Malaysia,100.35,5.416667,Asia,14,6,True,True,100.0,0.0,9.741051857252138,109.74105185725213,10.35877895894837,removed
SXPHI,菲利普斯堡,SX,荷属圣马丁,Sint Maarten (Dutch Part),-63.052254,18.021834,Central America,18,0,True,False,100.0,30.0,56.35215406273442,186.35215406273443,17.59032504053943,added
INPPV,皮帕瓦夫,IN,印度,India,71.516667,20.933333,Asia,14,3,True,True,100.0,15.0,26.226098252073733,141.22609825207374,13.330744605317726,removed
GPPPE,皮特尔角城,GP,瓜德罗普,Guadeloupe,-61.533333,16.216667,Central America,12,3,True,True,100.0,15.0,60.20569811606045,175.20569811606043,16.53817845206456,added
PKQAS,卡西姆港,PK,巴基斯坦,Pakistan,67.343788,24.775279,Asia,14,4,True,True,100.0,10.0,17.933151240350696,127.9331512403507,12.07598444513112,removed
USPLD,波特兰(缅州),US,美国,United States Of America,-70.233333,43.65,North America,2,0,True,False,100.0,30.0,43.52741841958975,173.52741841958976,16.379760721299192,added
ECPSJ,波索亚,EC,厄瓜多尔,Ecuador,-80.240917,-2.705467,South America,13,2,True,False,100.0,20.0,63.502123306922655,183.50212330692267,17.321302299040095,removed
GEPTI,波季,GE,格鲁吉亚,Georgia,41.683333,42.15,Europe,11,2,True,False,100.0,20.0,37.55621039845919,157.5562103984592,14.872191668530526,added
CAPRR,鲁珀特王子港,CA,加拿大,Canada,-130.319567,54.320128,North America,11,2,True,True,100.0,20.0,63.795510555996394,183.7955105559964,17.348995979855932,removed
GTPQL,夸特扎尔,GT,危地马拉,Guatemala,-90.783333,13.916667,Central America,17,1,True,True,100.0,25.0,29.110383581499097,154.1103835814991,14.546929993673091,removed
KRPYT,平泽,KR,韩国,Korea South,126.799736,36.993778,Asia,21,7,True,False,100.0,0.0,13.223252030182175,113.22325203018218,10.687474021294909,removed
CNQIZ,钦州,CN,中国,China,108.6,21.683333,Asia,48,9,True,True,100.0,0.0,26.794986607891833,126.79498660789183,11.96854975549583,removed
CNQUA,泉州,CN,中国,China,118.682805,24.833576,Asia,42,11,True,False,100.0,0.0,12.171166784360727,112.17116678436072,10.588164616810507,removed
FIRAU,劳马,FI,芬兰,Finland,21.433333,61.116667,Europe,15,2,True,False,100.0,20.0,77.53074877378619,197.53074877378617,18.64550530101369,added
ITRAV,拉文纳,IT,意大利,Italy,12.298508,44.491118,Europe,14,2,True,False,100.0,20.0,72.70008011456167,192.70008011456167,18.189524352973237,added
DERSG,伦茨堡,DE,德国,Germany,9.709167,54.312518,Europe,24,0,True,False,100.0,30.0,80.94569555529198,210.945695555292,19.911781376410094,added
ISRDJ,雷达夫尤都,IS,冰岛,Iceland,-14.216667,65.028,Europe,3,0,True,False,100.0,30.0,106.5632492971654,236.56324929716538,22.32989722449061,added
ISREY,雷克雅未克,IS,冰岛,Iceland,-21.933333,64.15,Europe,19,0,True,False,100.0,30.0,101.36618476141727,231.3661847614173,21.839331097684834,added
LVRIX,里加,LV,拉脱维亚,Latvia,24.1,56.95,Europe,25,5,True,False,100.0,5.0,70.77980146531382,175.77980146531382,16.59236974687959,added
HRRJK,里耶卡,HR,克罗地亚,Croatia,14.430199,45.328375,Europe,15,5,True,True,100.0,5.0,70.46629857805245,175.46629857805243,16.562777292122032,added
BRRGR,里奥格兰德,BR,巴西,Brazil,-52.083333,-32.05,South America,12,1,True,True,100.0,25.0,133.06499169740843,258.06499169740846,24.359509598227366,removed
CNRIZ,日照,CN,中国,China,119.533333,35.35,Asia,34,6,True,True,100.0,0.0,8.13497903584963,108.13497903584963,10.207177046379462,removed
ESSAG,萨贡托,ES,西班牙,Spain,-0.212345,39.642842,Europe,7,1,True,False,100.0,25.0,88.37326718691475,213.37326718691475,20.140926965170294,added
CASJH,圣约翰,CA,加拿大,Canada,-66.051633,45.25755,North America,13,1,True,True,100.0,25.0,49.62788334703341,174.62788334703342,16.48363682547844,added
ITSAL,萨莱诺,IT,意大利,Italy,14.75,40.666667,Europe,29,6,True,False,100.0,0.0,68.04429999149747,168.04429999149747,15.8621931306748,added
BRSAL,萨尔瓦多,BR,巴西,Brazil,-38.516667,-12.966667,South America,13,4,True,True,100.0,10.0,124.40203721558905,234.40203721558905,22.125894092958948,removed
CLSAN,圣安东尼奥,CL,智利,Chile,-71.616667,-33.5833,South America,26,6,True,False,100.0,0.0,120.57613098988429,220.5761309898843,20.820826353262785,removed
USSDI,圣迭戈,US,美国,United States Of America,-117.166667,32.7,North America,2,0,True,False,100.0,30.0,34.59277973007718,164.59277973007718,15.536394034937212,removed
PRSJU,圣胡安,PR,波多黎各,Puerto Rico,-66.083333,18.45,Central America,15,9,True,False,100.0,0.0,51.41383534591947,151.41383534591947,14.292394916308917,removed
ESSCT,圣克鲁斯(特纳里夫),ES,西班牙,Spain,-16.242514,28.469225,Europe,22,2,True,True,100.0,20.0,115.02656088391682,235.02656088391683,22.184844709208317,added
COSMA,圣玛尔塔,CO,哥伦比亚,Colombia,-74.2167,11.25,South America,15,0,True,True,100.0,30.0,48.00339304394448,178.00339304394447,16.802261061644604,added
GTSTC,圣托马斯,GT,危地马拉,Guatemala,-88.616667,15.7,Central America,19,5,True,False,100.0,5.0,27.17188956725992,132.1718895672599,12.476091357268153,removed
USSEA,西雅图,US,美国,United States Of America,-122.333333,47.6,North America,18,9,True,True,100.0,0.0,49.865782120193956,149.86578212019396,14.1462696431264,removed
PTSBL,塞图巴尔,PT,葡萄牙,Portugal,-8.916667,38.5,Europe,17,1,True,False,100.0,25.0,100.64912276054986,225.64912276054986,21.299680888767366,added
CNSHA,上海,CN,中国,China,121.46055,31.130717,Asia,51,9,True,False,100.0,0.0,0.0,100.0,9.439292574325567,removed
CNSTO,汕头,CN,中国,China,116.733333,23.333333,Asia,44,12,True,True,100.0,0.0,15.950201064847072,115.95020106484708,10.944878719029674,removed
CNSHE,蛇口,CN,中国,China,113.8943,22.467416,Asia,90,19,True,True,100.0,0.0,19.772090216072268,119.77209021607227,11.305638017880229,removed
JPSZU,清水,JP,日本,Japan,138.501892,35.025498,Asia,24,8,True,True,100.0,0.0,26.621544528206464,126.62154452820647,11.952178050147335,removed
KHSSK,西哈努克城,KH,柬埔寨,Cambodia,103.504086,10.605101,Asia,14,2,True,True,100.0,20.0,16.861131691064973,136.86113169106497,12.91872264085263,removed
OMSOH,索哈,OM,阿曼,Oman,56.625595,24.507768,Asia,27,3,True,True,100.0,15.0,1.2717798315945315,116.27177983159453,10.975233479679874,removed
EGSOK,索赫纳港,EG,埃及,Egypt,32.33,29.58,Africa,28,3,True,True,100.0,15.0,39.18055986352347,154.18055986352346,14.553554138251155,removed
RUSPG,圣彼得堡,RU,俄罗斯,Russia,30.178833,59.885767,Europe,33,15,True,True,100.0,0.0,70.53097636149548,170.53097636149548,16.09691778861553,added
IDSUR,苏腊巴亚,ID,印度尼西亚,Indonesia,112.731533,-7.1937,Asia,73,11,True,True,100.0,0.0,22.107208964075063,122.10720896407506,11.52605670846214,removed
AUSYD,悉尼,AU,澳大利亚,Australia,151.2111,-33.86,Australia,32,12,True,True,100.0,0.0,102.0435255104277,202.04352551042768,19.07147950041138,removed
USTAC,塔科马,US,美国,United States Of America,-122.422033,47.272467,North America,13,9,True,True,100.0,0.0,49.660919030834165,149.66091903083418,14.126932016744929,removed
CNTAI,太仓,CN,中国,China,121.211133,31.6506,Asia,80,12,True,True,100.0,0.0,1.0119052881161295,101.01190528811613,9.53480927504592,removed
TWTCH,台中-中国台湾,TW,中国台湾,"Taiwan, China",120.5,24.283333,Asia,32,7,True,False,100.0,0.0,12.428151823534177,112.42815182353418,10.612422186530337,removed
TWTAP,台北-中国台湾,TW,中国台湾,"Taiwan, China",121.37318,25.14978,Asia,32,5,True,True,100.0,5.0,10.773838618916171,115.77383861891617,10.92823135176702,removed
GHTAK,塔科拉迪,GH,加纳,Ghana,-1.737767,4.889067,Africa,5,0,True,False,100.0,30.0,106.55226015685982,236.5522601568598,22.328859927385764,added
EETAL,塔林,EE,爱沙尼亚,Estonia,24.7667,59.45,Europe,19,2,True,False,100.0,20.0,73.31121692089283,193.31121692089283,18.247211344152227,added
USTAM,坦帕,US,美国,United States Of America,-82.466667,27.95,North America,7,3,True,True,100.0,15.0,19.960969586563692,134.9609695865637,12.739360780422293,removed
NZTAU,陶朗加,NZ,新西兰,New Zealand,176.183333,-37.716667,Australia,31,3,True,True,100.0,15.0,138.57657473169223,253.57657473169223,23.935834788877745,removed
GBTEE,提兹港,GB,英国,United Kingdom,-1.159744,54.63371,Europe,20,4,True,False,100.0,10.0,92.02123916206429,202.0212391620643,19.06937582678523,added
TRTEK,泰基尔达,TR,土耳其,Turkey,27.511883,40.96832,Asia,36,2,True,True,100.0,20.0,51.6398025955118,171.6398025955118,16.201583140985207,added
GRTHE,塞萨洛尼基,GR,希腊,Greece,22.933333,40.633333,Europe,20,2,True,False,100.0,20.0,57.22426129743162,177.2242612974316,16.7287165365518,added
CNTJN,天津,CN,中国,China,117.8143,38.97075,Asia,82,29,True,True,100.0,0.0,15.106672549726797,115.1066725497268,10.865255594539606,removed
GBTIL,蒂尔伯里,GB,英国,United Kingdom,0.33675,51.454217,Europe,28,5,True,False,100.0,5.0,89.38389936635613,194.38389936635613,18.348464978572938,added
JPTOK,东京,JP,日本,Japan,139.75,35.6667,Asia,63,19,True,True,100.0,0.0,28.64083238709495,128.64083238709495,12.142784539065651,removed
FOTHO,托尔斯港,FO,法罗群岛,Faroe Islands,-6.760901,61.999233,Europe,6,1,True,False,100.0,25.0,99.81471342624485,224.81471342624485,21.220918550434835,added
ITTRS,的里雅斯特,IT,意大利,Italy,13.75,45.65,Europe,17,8,True,True,100.0,0.0,71.45389230963382,171.45389230963383,16.18403452517542,added
LBKYE,的黎波里,LB,黎巴嫩,Lebanon,35.836183,34.471133,Asia,8,1,True,True,100.0,25.0,36.08995908342702,161.089959083427,15.20575254574602,added
KRULS,蔚山,KR,韩国,Korea South,129.369164,35.462441,Asia,33,5,True,False,100.0,5.0,14.227500692677156,119.22750069267715,11.254232619437838,removed
IQUMQ,乌姆盖斯尔,IQ,伊拉克,Iraq,47.95,30.033333,Asia,13,7,True,True,100.0,0.0,16.026135396890517,116.02613539689051,10.952046382795613,removed
ITVAD,瓦多利古雷,IT,意大利,Italy,8.451,44.269,Europe,21,3,True,True,100.0,15.0,77.4661341882329,192.4661341882329,18.16744151252135,added
CLVAL,瓦尔帕莱索,CL,智利,Chile,-71.6167,-33.033333,South America,20,3,True,False,100.0,15.0,119.65793774788685,234.65793774788685,22.150049292901794,removed
CAVCR,温哥华,CA,加拿大,Canada,-123.116667,49.283333,North America,19,7,True,True,100.0,0.0,52.24750453533752,152.24750453533753,14.371087390200096,removed
ITVEN,威尼斯,IT,意大利,Italy,12.3267,45.4386,Europe,18,5,True,False,100.0,5.0,73.08249366795486,178.08249366795485,16.80972760097306,added
ESVIG,维哥,ES,西班牙,Spain,-8.716667,42.233333,Europe,25,1,True,True,100.0,25.0,99.74018846378343,224.74018846378343,21.213883921187193,added
CNWGQ,上海-外高桥,CN,中国,China,121.617967,31.353633,Asia,157,21,True,True,100.0,0.0,0.46902736596749317,100.46902736596749,9.48356543965289,removed
NAWVB,鲸湾港,,纳米比亚,Namibia,14.5,-22.95,Africa,15,2,True,True,100.0,20.0,113.38668398656516,233.38668398656517,22.030051931008522,removed
IEWAT,沃特福德,IE,爱尔兰,Ireland,-7.016667,52.266667,Europe,2,2,True,False,100.0,20.0,97.6779690131618,217.6779690131618,20.54726036500209,added
CNWEN,温州,CN,中国,China,120.666189,28.032743,Asia,31,7,True,False,100.0,0.0,5.717099708236521,105.71709970823652,9.978946342551925,removed
CNXIA,厦门,CN,中国,China,118.042517,24.44535,Asia,92,31,True,True,100.0,0.0,13.213869671440726,113.21386967144073,10.68658839300293,removed
CNYAN,烟台,CN,中国,China,121.4,37.55,Asia,27,9,True,False,100.0,0.0,11.562851069939732,111.56285106993974,10.530743916750714,removed
JPYOK,横滨,JP,日本,Japan,139.679832,35.450183,Asia,74,16,True,True,100.0,0.0,28.465449736760057,128.46544973676006,12.126229657575935,removed
CNZHA,湛江,CN,中国,China,110.407368,21.182277,Asia,24,2,True,False,100.0,20.0,25.275869239771723,145.27586923977174,13.713014337436693,removed
CNZPU,乍浦,CN,中国,China,121.066951,30.583181,Asia,37,2,True,False,100.0,20.0,1.1588962830350185,121.15889628303502,11.43654269997934,removed
CNZOS,宁波-舟山,CN,中国,China,122.099218,30.006902,Asia,63,5,True,True,100.0,5.0,2.2535591650360756,107.25355916503608,10.12397724596513,removed
