port_code,port_name_cn,country_code,camp,is_selected,unlocked_abate,n_corridors_served,HCS_pct
VNBNO,金兰湾,VN,BRI,False,0.0,0,0.0
DKAAB,奥本罗,DK,EU,False,0.0,0,0.0
NOAAH,奥黑姆,NO,EU,False,0.0,0,0.0
DKABG,奥尔堡,DK,EU,False,0.0,0,0.0
NOAAL,奥勒松,NO,EU,False,0.0,0,0.0
NOAND,翁达尔斯内斯,NO,EU,False,0.0,0,0.0
DKAHS,奥尔胡斯,DK,EU,False,0.0,0,0.0
GLAST,亚西亚特,GL,Other,False,0.0,0,0.0
IRABA,阿巴丹,IR,BRI,False,0.0,0,0.0
JPABA,网走,JP,Other,False,0.0,0,0.0
FRABB,阿布维尔,FR,EU,False,0.0,0,0.0
US2141,ABBEVILLE,US,Other,False,0.0,0,0.0
AUAPT,艾博特角,AU,Other,False,0.0,0,0.0
GBABN,阿伯丁,GB,Other,False,0.0,0,0.0
GBABR,阿伯道尔,GB,Other,False,0.0,0,0.0
GBABY,阿伯多维,GB,Other,False,0.0,0,0.0
GBABE,阿鲍里斯特威斯,GB,Other,False,0.0,0,0.0
CIABI,阿比让,CI,Other,True,376502.93186999956,20,0.18745468304921187
AEAAB,阿布埃尔布霍希,AE,BRI,False,0.0,0,0.0
AEABU,阿布扎比,AE,BRI,False,0.0,0,0.0
EGGHS,阿布古松,EG,BRI,False,0.0,0,0.0
LYABK,阿布卡马什,LY,Other,False,0.0,0,0.0
EGAKI,阿布基尔湾,EG,BRI,True,136533.52594106214,12,0.06797782079346543
EGAZA,阿布宰尼迈,EG,BRI,False,0.0,0,0.0
SVAQJ,阿卡胡特拉,SV,Other,False,0.0,0,0.0
SVACA,阿卡胡特拉离岸码头,SV,Other,False,0.0,0,0.0
MXACA,阿卡普尔科,MX,Other,False,0.0,0,0.0
GRALI,阿莱蒂,GR,EU,False,0.0,0,0.0
ILACR,阿克里,IL,BRI,False,0.0,0,0.0
GHADA,阿达,GH,Other,False,0.0,0,0.0
