port_code,port_name_cn,country_code,country_cn,country_en,port_lon,port_lat,continent,n_corridors_endpoint,n_container_berths,is_feasible,is_intermediate,C_base_MUSD,C_depth_MUSD,C_remote_MUSD,C_cap_MUSD,cost_p
CIABI,阿比让,CI,科特迪瓦,Côte d'Ivoire,-4.0267,5.3364,Africa,35,5,True,True,100.0,5.0,109.88161675626323,214.8816167562632,20.283304494064677
EGAKI,阿布基尔湾,EG,埃及,Egypt,30.073013,31.322122,Africa,23,0,True,True,100.0,30.0,43.04799125945809,173.0479912594581,16.334506188973585
ESALG,阿尔赫西拉斯,ES,西班牙,Spain,-5.433333,36.116667,Europe,90,7,True,True,100.0,0.0,96.18760268524944,196.18760268524943,18.518721812016096
TRBAM,阿姆巴利,TR,土耳其,Turkey,28.678178,40.961688,Asia,59,11,True,True,100.0,0.0,50.19901403499544,150.19901403499546,14.177724378515542
BEANT,安特卫普,BE,比利时,Belgium,4.4,51.2167,Europe,100,47,True,True,100.0,0.0,84.81911547709642,184.81911547709643,17.445617043163757
ILASD,阿什杜德,IL,以色列,Israel,34.65,31.816667,Asia,43,7,True,True,100.0,0.0,36.321154082104734,136.32115408210473,12.867752574507026
ESBAR,巴塞罗那,ES,西班牙,Spain,2.166667,41.35,Europe,59,5,True,True,100.0,5.0,85.15879847794379,190.15879847794378,17.949645344155265
LBBRT,贝鲁特,LB,黎巴嫩,Lebanon,35.516567,33.904758,Asia,42,2,True,True,100.0,20.0,36.16544987415376,156.16544987415375,14.74091371363311
DEBHN,不来梅港,DE,德国,Germany,8.548651,53.563407,Europe,61,13,True,True,100.0,0.0,81.6303570072976,181.63035700729762,17.14462080171086
KRBUS,釜山,KR,韩国,Korea South,129.052391,35.112607,Asia,162,41,True,True,100.0,0.0,13.50648121886048,113.50648121886049,10.714208853070142
VNCMP,盖梅,VN,越南,Vietnam,107.012844,10.522075,Asia,52,10,True,True,100.0,0.0,17.66350627305163,117.66350627305164,11.106602610323261
COCTA,卡塔赫纳,CO,哥伦比亚,Colombia,-75.540962,10.394286,South America,74,7,True,True,100.0,0.0,47.58211794941436,147.58211794941437,13.93070790063147
LKCOL,科伦坡,LK,斯里兰卡,Sri Lanka,79.85,6.95,Asia,87,14,True,True,100.0,0.0,44.22278484195201,144.222784841952,13.613610620071915
EGDAM,达米埃塔,EG,埃及,Egypt,31.757526,31.481673,Africa,45,6,True,True,100.0,0.0,40.53721143849952,140.53721143849953,13.265718563478506
ZADUR,德班,ZA,南非,South Africa,31.041098,-29.877639,Africa,29,12,True,True,100.0,0.0,108.37925721250772,208.37925721250772,19.669527752495014
INENR,印诺尔,IN,印度,India,80.340271,13.261667,Asia,5,1,True,True,100.0,25.0,45.957869317683176,170.95786931768316,16.137213463729275
GBFEL,弗利克斯托,GB,英国,United Kingdom,1.3,51.933333,Europe,33,11,True,True,100.0,0.0,88.48343298030338,188.48343298030338,17.791502693143684
PLGDA,格但斯克,PL,波兰,Poland,18.666667,54.35,Europe,27,2,True,True,100.0,20.0,72.53617767529154,192.53617767529153,18.174053122194074
ITGOA,热那亚,IT,意大利,Italy,8.923988,44.403373,Europe,34,18,True,True,100.0,0.0,76.90987325535107,176.90987325535107,16.699040529441124
ITGIT,焦亚陶罗,IT,意大利,Italy,15.909341,38.462848,Europe,70,7,True,True,100.0,0.0,65.75776166131006,165.75776166131004,15.64636008786431
DEHAM,汉堡,DE,德国,Germany,9.903145,53.539287,Europe,67,26,True,True,100.0,0.0,80.2541150495604,180.2541150495604,17.01471329678942
USJAC,杰克逊维尔,US,美国,United States Of America,-81.377283,30.398817,North America,15,6,True,True,100.0,0.0,21.245140811187415,121.24514081118741,11.44468357332099
AEJAL,杰贝勒阿里,AE,阿联酋,United Arab Emirates,55.0606,25.0136,Asia,88,28,True,True,100.0,0.0,2.1494645438757796,102.14946454387578,9.642186821403394
SAJED,吉达,SA,沙特阿拉伯,Saudi Arabia,39.1667,21.466667,Asia,56,19,True,True,100.0,0.0,29.198563359259445,129.19856335925945,12.19543039730589
AEKHA,哈利法,AE,阿联酋,United Arab Emirates,54.659214,24.802318,Asia,58,8,True,True,100.0,0.0,2.8662772104253413,102.86627721042534,9.709848866208832
SIKOP,科佩尔,SI,斯洛文尼亚,Slovenia,13.726419,45.550429,Europe,26,6,True,True,100.0,0.0,71.43237158488124,171.43237158488125,16.18200312100191
MXLCS,拉萨罗卡德纳斯,MX,墨西哥,Mexico,-102.166667,17.883333,Central America,33,5,True,True,100.0,5.0,24.201397424655628,129.20139742465562,12.195697913030383
FRLEH,阿弗尔,FR,法国,France,0.094067,49.480233,Europe,56,16,True,True,100.0,0.0,89.1071500014811,189.1071500014811,17.850377167608517
TGLOM,洛美,TG,多哥,Togo,1.286945,6.137824,Africa,36,6,True,True,100.0,0.0,100.69504323458368,200.6950432345837,18.944192313081544
GBLGP,伦敦门户,GB,英国,United Kingdom,0.486317,51.502973,Europe,41,6,True,True,100.0,0.0,89.23380264044603,189.23380264044602,17.86233228075352
MTMAL,马耳他,MT,马耳他,Malta,14.539518,35.819159,Europe,74,6,True,True,100.0,0.0,67.13391487239984,167.13391487239983,15.77625921573005
MXMAN,曼萨尼约,MX,墨西哥,Mexico,-104.293756,19.073908,Central America,33,9,True,True,100.0,0.0,24.345053175396245,124.34505317539625,11.737293370926356
TRMER,梅尔辛,TR,土耳其,Turkey,34.633333,36.783333,Asia,43,7,True,True,100.0,0.0,39.39615443080192,139.39615443080191,13.158010854082084
INMUN,蒙德拉,IN,印度,India,69.7,22.766667,Asia,70,9,True,True,100.0,0.0,22.3588882922243,122.3588882922243,11.549813456595244
INNSA,纳瓦舍瓦尼赫鲁,IN,印度,India,72.9428,18.953883,Asia,65,9,True,True,100.0,0.0,29.821235778012014,129.821235778012,12.254206268691574
GRPIR,比雷埃夫斯,GR,希腊,Greece,23.65,37.933333,Europe,75,6,True,True,100.0,0.0,54.849009643839665,154.84900964383968,14.61665106872764
MYPKE,巴生港,MY,马来西亚,Malaysia,101.34485,3.00525,Asia,117,34,True,True,100.0,0.0,5.438842018318026,105.43884201831803,9.952680785089958
EGPSA,塞得港,EG,埃及,Egypt,32.319633,31.269083,Africa,47,12,True,True,100.0,0.0,39.61916174506467,139.61916174506467,13.179061166937492
NLROT,鹿特丹,NL,荷兰,Netherlands,4.03038,52.002215,Europe,102,29,True,True,100.0,0.0,85.5506097717679,185.55060977176788,17.514664929802294
OMSAL,塞拉莱,OM,阿曼,Oman,54.002781,16.946141,Asia,33,9,True,True,100.0,0.0,15.34132786836765,115.34132786836764,10.887405396607333
PRSJU,圣胡安,PR,波多黎各,Puerto Rico,-66.083333,18.45,Central America,15,9,True,False,100.0,0.0,51.41383534591947,151.41383534591947,14.292394916308917
BRSTS,桑托斯,BR,巴西,Brazil,-46.306133,-23.95,South America,45,7,True,True,100.0,0.0,128.03589209664148,228.03589209664148,21.524975029475343
CNSHE,蛇口,CN,中国,China,113.8943,22.467416,Asia,90,19,True,True,100.0,0.0,19.772090216072268,119.77209021607227,11.305638017880229
PTSNS,锡尼什,PT,葡萄牙,Portugal,-8.866667,37.95,Europe,55,4,True,True,100.0,10.0,100.69828201159322,210.69828201159322,19.88842728815186
SGSGP,新加坡,SG,新加坡,Singapore,103.802776,1.248823,Asia,171,78,True,True,100.0,0.0,0.0,100.0,9.439292574325567
EGSOK,索赫纳港,EG,埃及,Egypt,32.33,29.58,Africa,28,3,True,True,100.0,15.0,39.18055986352347,154.18055986352346,14.553554138251155
MATAN,丹吉尔,MA,摩洛哥,Morocco,-5.797516,35.789733,Africa,99,8,True,True,100.0,0.0,96.78424147456599,196.784241474566,18.5750402929516
MYTPP,丹戎帕拉帕斯,MY,马来西亚,Malaysia,103.549576,1.327854,Asia,87,14,True,True,100.0,0.0,0.47765704482347554,100.47765704482347,9.484380020288333
GHTEM,特马,GH,加纳,Ghana,0.016667,5.633333,Africa,27,6,True,True,100.0,0.0,103.13777425773183,203.13777425773185,19.174768841160315
INTRI,特里凡得琅,IN,印度,India,76.983333,8.483333,Asia,11,0,True,True,100.0,30.0,46.417815041878605,176.4178150418786,16.65259371503546
ESVAL,瓦伦西亚,ES,西班牙,Spain,-0.316667,39.45,Europe,92,11,True,True,100.0,0.0,88.52322743737736,188.52322743737736,17.79525900837526
DEWVN,威廉港,DE,德国,Germany,8.170278,53.541667,Europe,32,4,True,True,100.0,10.0,81.99981603337709,191.9998160333771,18.123424377557313
CNYSN,上海-洋山,CN,中国,China,122.066667,30.633333,Asia,96,24,True,True,100.0,0.0,1.2963478112411069,101.2963478112411,9.561658637009481
CNYTN,盐田,CN,中国,China,114.263091,22.566543,Asia,86,24,True,True,100.0,0.0,19.268348329734383,119.26834832973438,11.258088347409368
JPYOK,横滨,JP,日本,Japan,139.679832,35.450183,Asia,74,16,True,True,100.0,0.0,28.465449736760057,128.46544973676006,12.126229657575935
BEZEE,泽布吕赫,BE,比利时,Belgium,3.2,51.333333,Europe,24,3,True,True,100.0,15.0,86.18423228062437,201.18423228062437,18.990368298378876
