origin_port,dest_port,frequency,n_vessels,total_emission,mean_distance,mean_speed,mean_load_factor,EF_avg_e,n_legs_direct,corridor_id,E_e,eta_LNG,eta_green_methanol,eta_green_ammonia,alpha_e,W_e,origin_lon,origin_lat,dest_lon,dest_lat,gc_distance_nm,range_violating_LNG,k_e_LNG,range_violating_green_methanol,k_e_green_methanol,range_violating_green_ammonia,k_e_green_ammonia
MATAN,SGSGP,244.0,127,3186539.1807995965,10896.68319553589,16.356190114645326,0.6443644764784269,625.4289473364067,236,0,3186539.1807995965,0.13435410640052947,0.8180448786634287,0.9389219188483565,1.0,2606732.0575134675,-5.797516,35.789733,103.802776,1.248823,6305.966526821533,False,0,True,1,True,2
MYTPP,NLROT,136.0,66,2083470.5995070843,11931.300469961157,17.585803376120626,0.7498014464497337,630.369537343578,128,2,2083470.5995070843,0.14113870051288013,0.8194709717738562,0.9394006249715405,0.9338235294117647,1594357.6982258956,103.549576,1.327854,4.03038,52.002215,5691.301502173687,False,0,True,1,True,2
ESVAL,SGSGP,143.0,83,1745877.505838655,11240.422121220994,16.706911651788218,0.5994224082720712,623.9025867781195,111,3,1745877.505838655,0.1322363274756868,0.8175997304520376,0.9387724929988386,0.965034965034965,1377518.8740439333,-0.316667,39.45,103.802776,1.248823,6006.936742345254,False,0,True,1,True,2
BRSTS,SGSGP,308.0,98,1720793.4869570662,9178.026636144456,16.46016750415021,0.4417051069800278,627.4999290693813,244,4,1720793.4869570662,0.1372110578515483,0.8186453978269417,0.9391234990948082,0.9188311688311688,1294375.539754408,-46.306133,-23.95,103.802776,1.248823,8599.26125352153,False,0,True,1,True,1
EGPSA,SGSGP,102.0,42,1517405.0130149361,12795.835088765278,17.20054639443456,0.6799633402943237,630.660084792157,97,5,1517405.0130149361,0.14153438111050576,0.8195541421691459,0.939428543329186,1.0,1243595.5637646175,32.319633,31.269083,103.802776,1.248823,4417.6949977457625,False,0,True,1,True,2
GRPIR,SGSGP,100.0,53,1080479.2070073474,12368.910280666432,16.689012508866078,0.5546972977319667,630.649722984405,97,9,1080479.2070073474,0.14152027620348617,0.8195511773770904,0.939427548117793,0.99,876652.9261719931,23.65,37.933333,103.802776,1.248823,4891.746880858865,False,0,True,1,True,2
CNYTN,SGSGP,640.0,279,1035466.535007759,1503.4212416448813,14.921223797953928,0.5129085415411258,623.3326937157761,616,10,1035466.535007759,0.13144295901978698,0.8174329677437232,0.9387165146556259,0.9359375,792200.4142870479,114.263091,22.566543,103.802776,1.248823,1418.044886458818,False,0,False,0,False,0
ESALG,SGSGP,83.0,60,991727.5930074215,10814.450864614688,15.720735145503243,0.5658900291955207,624.6661051315245,81,11,991727.5930074215,0.13329697969444454,0.8178226750816915,0.9388473302998297,0.9879518072289156,801285.5382094437,-5.433333,36.116667,103.802776,1.248823,6284.379345507191,False,0,True,1,True,2
GBFEL,SGSGP,55.0,31,792891.8021761689,11921.674139340115,15.938291364359248,0.5901685515915489,625.9020478925376,43,18,792891.8021761689,0.13500842212781183,0.8181824130737809,0.9389680859351356,1.0,648730.1280109168,1.3,51.933333,103.802776,1.248823,5804.596582088126,False,0,True,1,True,2
ILASD,SGSGP,54.0,33,695710.0888035056,12836.446758941884,16.713433171686955,0.5856297149066646,630.5824109906702,53,23,695710.0888035056,0.14142863713968967,0.8195319152318004,0.9394210822658592,1.0,570156.6215232229,34.65,31.816667,103.802776,1.248823,4305.521522754551,False,0,True,1,True,2
GBFEL,MYTPP,61.0,46,650091.097430476,12331.121064714129,15.619315658969363,0.4741424709125301,630.1140034584027,51,26,650091.097430476,0.14079040137418442,0.819397760761696,0.9393760497460174,0.9836065573770492,523950.67822194647,1.3,51.933333,103.549576,1.327854,5791.609154966137,False,0,True,1,True,2
EGDAM,SGSGP,70.0,38,607032.0743585847,12749.168153446833,16.45697327082167,0.4586831074310888,630.3498503038319,65,30,607032.0743585847,0.14111187662051106,0.8194653335046438,0.9393987323363567,1.0,497441.74126227334,31.757526,31.481673,103.802776,1.248823,4448.099551464168,False,0,True,1,True,2
BEANT,CNYSN,44.0,16,550957.3852266399,14057.732023917448,17.71092000767232,0.5282310933991761,630.1551390593373,44,38,550957.3852266399,0.14084648931345123,0.8194095502103265,0.9393800071883521,1.0,451459.7432136186,4.4,51.2167,122.066667,30.633333,4896.3092813334215,False,0,True,1,True,2
MYTPP,PTSNS,41.0,17,514487.15368446294,10885.341486366282,17.472478650841534,0.6231475948874864,626.8108832880287,40,43,514487.15368446294,0.1362626041845243,0.8184460368603599,0.9390565782782578,1.0,421079.9719486156,103.549576,1.327854,-8.866667,37.95,6402.749793329105,False,0,True,1,True,2
JPYOK,MXMAN,87.0,54,462521.68765103444,6209.876085059862,17.71475971601079,0.5360430026153022,627.6887319869227,86,48,462521.68765103444,0.1374705767200557,0.818699947600189,0.9391418101786223,0.9885057471264368,374313.9931513948,139.679832,35.450183,-104.293756,19.073908,5915.635863013831,False,0,False,0,True,1
COCTA,KRBUS,52.0,22,380975.0917368336,9660.403483600454,14.487641873873843,0.36070619175102814,630.592887815056,50,72,380975.0917368336,0.14144290165418905,0.8195349135726758,0.9394220887388068,1.0,312222.38887988817,-75.540962,10.394286,129.052391,35.112607,7738.643932669051,False,0,True,1,True,1
JPYOK,MXLCS,56.0,36,327114.09339714533,6352.909293309731,17.054986110928922,0.5238476539078639,627.4606916039994,55,90,327114.09339714533,0.1371571044299198,0.8186340570449295,0.93911969225937,0.9642857142857143,258222.92534448343,139.679832,35.450183,-102.166667,17.883333,6053.162101754083,False,0,False,0,True,1
PRSJU,USJAC,399.0,4,278367.5748986847,1127.9975522267428,19.448298777534617,0.7550994612456107,630.6999999999999,397,122,278367.5748986847,0.1415887109560805,0.8195655620738862,0.9394323767242746,1.0,228140.47798498513,-66.083333,18.45,-81.377283,30.398817,1099.4909853419394,False,0,False,0,False,0
