track,capital,carbon_price,abatement_Mt,n_ports,n_corridors,capex_MUSD,status
standalone,constrained,380,14.872437281512152,24,18,342.7816378546994,Optimal
standalone,constrained,1000,82.55163674849001,210,763,3063.4787045696307,Optimal
standalone,constrained,2000,95.44725080585714,211,1426,3067.356857980747,Optimal
standalone,constrained,5000,99.41601688420303,212,2032,3070.1052150152,Optimal
standalone,constrained,10000,100.17135538970373,212,2328,3070.1052150152,Optimal
standalone,unconstrained,380,14.872437281512152,24,18,342.7816378546994,Optimal
standalone,unconstrained,1000,82.92237458795358,222,776,3255.6062566025134,Optimal
standalone,unconstrained,2000,98.125088163106,326,1586,4900.796246346282,Optimal
standalone,unconstrained,5000,105.11842126800732,499,2690,7721.255885669934,Optimal
standalone,unconstrained,10000,107.07025941280953,593,3487,9233.328424525034,Optimal
allocated,constrained,380,28.396416762877084,157,398,2258.343743115541,Optimal
allocated,constrained,1000,97.20423414806166,212,2316,3060.82340812184,Optimal
allocated,constrained,2000,100.03512973396295,212,2620,3069.4628239514273,Optimal
allocated,constrained,5000,100.38684301429923,211,2718,3056.51634623961,Optimal
allocated,constrained,10000,100.41530865980059,211,2745,3056.51634623961,Optimal
allocated,unconstrained,380,28.396416762877084,157,398,2258.343743115541,Optimal
allocated,unconstrained,1000,101.62370508705908,362,3003,5467.298304792615,Optimal
allocated,unconstrained,2000,106.57686736313525,468,4177,7200.348751466329,Optimal
allocated,unconstrained,5000,108.15391989936403,588,5255,9177.431862449053,Optimal
allocated,unconstrained,10000,108.43120520530216,667,5704,10471.590193448681,Optimal
