corridor_id,origin_port,dest_port,E_e,W_e,RE,eu_ets_endpoint,is_bri,fueleu_exposed
6,KRBUS,USLGB,1251079.2534023072,712916.6983007938,0,False,False,False
51,CAVCR,KRBUS,453109.5723189485,249213.3216200243,0,False,False,False
53,KRBUS,USLSA,443814.84964763914,282539.74318548926,0,False,False,False
77,KRBUS,USOAK,365683.8070347949,271216.66286882176,0,False,False,False
83,JPYOK,MXESE,347033.3775075061,239941.37190735165,0,False,False,False
94,KRBUS,USSEA,321384.6349639576,214254.05314339502,0,False,False,False
105,AUMEL,AUSYD,309558.3767999748,137384.50455419743,0,False,False,False
106,USHNL,USLGB,305741.1538776846,97321.50935061979,0,False,False,False
135,JPTOK,USOAK,257505.95052120136,100110.14533105529,0,False,False,False
147,USLSA,USOAK,244887.2524780469,151020.37002257194,0,False,False,False
149,CAVCR,JPTOK,242014.97251842494,74640.0176035371,0,False,False,False
162,JPYOK,KRBUS,229813.27876243394,146842.80455912292,0,False,False,False
168,USHNL,USOAK,226446.83270567964,54265.50459832795,0,False,False,False
200,JPTOK,USTAC,197505.21439790577,98907.46069030781,0,False,False,False
228,AUBRI,AUMEL,177919.82851099886,71488.18702244689,0,False,False,False
240,ZADUR,ZAPLZ,171240.60842822638,59624.49173725285,0,False,False,False
241,JPTOK,USLSA,170988.41807941545,62614.055285085014,0,False,False,False
242,AUBRI,KRBUS,170891.60059692178,75152.4672032266,0,False,False,False
252,JPYOK,USLSA,163559.23019761266,30092.298708613558,0,False,False,False
261,KRBUS,MXESE,159811.05730613667,86320.09668716985,0,False,False,False
263,KRBUS,USPTD,158360.00020603387,0.0,0,False,False,False
265,AUSYD,MUPLO,156727.2649856551,67792.14198292098,0,False,False,False
280,BRRDJ,BRSTS,150747.44087820756,72883.80870903278,0,False,False,False
287,BRPAR,BRSTS,146655.9071170541,88314.38485362334,0,False,False,False
305,AUBRI,AUSYD,138490.29235071747,58581.61253790585,0,False,False,False
322,CAVCR,JPYOK,132270.11852819152,33355.08739604211,0,False,False,False
338,GUAPR,USHNL,126287.18914230527,69704.50669430147,0,False,False,False
352,AUADE,AUFRE,121429.033214246,46832.49593332806,0,False,False,False
359,CAPRR,JPYOK,120967.67543292769,29291.64163219238,0,False,False,False
395,KRBUS,KRGWA,112302.7051865865,54623.12507472717,0,False,False,False
405,KRBUS,USTAC,111078.59047223051,70023.1319909354,0,False,False,False
406,MUPLO,ZADUR,110963.47181636859,55214.68866180297,0,False,False,False
418,CANWE,KRBUS,108113.51449954993,79732.60887303625,0,False,False,False
422,CAPRR,KRBUS,107719.17363679722,46243.436950739946,0,False,False,False
446,ZACPT,ZADUR,102148.24027183402,60694.12207409791,0,False,False,False
475,USLGB,USOAK,97901.33566098411,50891.5221132918,0,False,False,False
481,JPKOB,JPNAG,96930.98674908219,52069.629933980126,0,False,False,False
484,BRMAN,BRPEC,96544.33276548998,68914.80901277166,0,False,False,False
506,ARBNA,BRSTS,93102.80668301282,37390.61335631256,0,False,False,False
534,USHNL,USTAC,87530.83362343548,0.0,0,False,False,False
538,JPKOB,USOAK,86908.99306031973,71227.61774675641,0,False,False,False
554,JPTOK,NZTAU,84734.72666809952,56981.05754988152,0,False,False,False
576,AUBRI,JPYOK,81127.79472365254,29745.32351585757,0,False,False,False
579,AUSYD,NZTAU,80843.73192755615,27124.742358620322,0,False,False,False
595,KRBUS,KRINC,78186.9996874674,37110.691535176105,0,False,False,False
608,CAVCR,KRGWA,76378.33276382525,54061.08969159838,0,False,False,False
646,JPTOK,KRBUS,70930.45363342765,28080.787751808843,0,False,False,False
649,JPNAG,JPTOK,70582.80124177154,34845.37934885775,0,False,False,False
654,JPNAG,JPYOK,69890.5861786882,34274.238221934414,0,False,False,False
661,NZAKL,USLSA,69219.91845766916,35929.165539063186,0,False,False,False
675,CLSAN,NZTAU,67536.04643809084,26047.161345544468,0,False,False,False
684,BRIJI,BRSTS,66405.7710727765,42678.62494247431,0,False,False,False
731,NZAKL,NZLYT,61185.4146206283,34659.361177075196,0,False,False,False
733,BRPAR,BRRGR,60997.027816520786,39672.53838660426,0,False,False,False
739,BRIOA,BRSTS,60524.59919355142,32544.583621541504,0,False,False,False
758,JPKOB,KRBUS,58756.70712465128,20738.83001850145,0,False,False,False
811,ARBNA,UYMON,54619.590683696675,32644.240148541678,0,False,False,False
825,ARBNA,BRIOA,53087.85206521511,29551.52826212516,0,False,False,False
829,BRPAR,UYMON,52917.75400962103,30769.287964066505,0,False,False,False
832,AUSYD,NZAKL,52849.2402324898,23511.232295815065,0,False,False,False
839,AUADE,AUMEL,52298.51225161701,20036.110695507912,0,False,False,False
852,ARBNA,BRPAR,51456.61165692324,36358.03097175764,0,False,False,False
864,JPKOB,JPTOK,50537.29969281718,29324.291980962225,0,False,False,False
869,BRRGR,UYMON,49926.17228555545,32513.708485557992,0,False,False,False
873,BRSTS,UYMON,49693.77004508629,27151.535052381063,0,False,False,False
888,USOAK,USTAC,49134.836405335715,13417.496487491211,0,False,False,False
893,NZTAU,USSEA,48921.5145715619,27891.748582502918,0,False,False,False
894,JPNAG,KRBUS,48887.28068495233,27492.323328694984,0,False,False,False
901,USBAL,USNFK,48409.46090522321,17669.870195040883,0,False,False,False
904,CAVCR,USTAC,48243.08909672167,22591.46386214561,0,False,False,False
911,BRRGR,BRSTS,47823.62359366527,22673.998940406946,0,False,False,False
912,JPTOK,JPYOK,47686.04882814233,27766.434139359757,0,False,False,False
913,ZACPT,ZAPLZ,47673.007264993794,13116.744891140666,0,False,False,False
923,USDUH,USTAC,47199.320943338294,6546.343353580935,0,False,False,False
933,BRMAN,BRSTS,46910.43482589111,28416.739436895718,0,False,False,False
934,MUPLO,ZACPT,46766.86157233891,0.0,0,False,False,False
938,AUMEL,NZTAU,46594.8527920142,28064.464836907588,0,False,False,False
952,KRGWA,USHNL,45872.96368396765,2349.7438291028698,0,False,False,False
958,USBAL,USSAV,45644.72851049778,5463.912308162283,0,False,False,False
977,JPYOK,USOAK,44810.66290963922,36646.31222261241,0,False,False,False
983,AOLUA,NAWVB,44432.87341549523,6708.146582297298,0,False,False,False
993,BRIJI,BRRGR,43621.351518793206,25908.862258133973,0,False,False,False
995,MUPLO,ZAPLZ,43406.75005058869,8586.991121416548,0,False,False,False
1000,AUMEL,NZAKL,43171.99163997032,20330.57863629256,0,False,False,False
1008,MATAN,MATAN,42843.602330517686,17037.007637295108,0,False,False,False
1013,CAVCR,USSEA,42798.05619302651,22428.174219795586,0,False,False,False
1029,KRBUS,USDUH,41771.132796256126,0.0,0,False,False,False
1045,BRIOA,UYMON,40617.22143634601,26078.872589907493,0,False,False,False
1051,NZNAP,NZTAU,40237.81525838065,17790.418899677275,0,False,False,False
1054,USOAK,USSEA,40059.73425138323,29934.674622536102,0,False,False,False
1067,BRIJI,UYMON,39629.61407684268,30611.760667637536,0,False,False,False
1071,KRGWA,KRINC,39522.26168663562,24859.474717321977,0,False,False,False
1072,JPTOK,USEVE,39459.5262417547,32317.031875684872,0,False,False,False
1102,KRBUS,KRBUS,37696.05055441841,9753.155570796232,0,False,False,False
1103,KRULS,KRULS,37573.78435089793,30313.020633118107,0,False,False,False
1104,CAPRR,USLGB,37404.81439916198,12100.933317362598,0,False,False,False
1106,ARBNA,BRIJI,37297.4799727745,26220.5062592557,0,False,False,False
1129,AUADE,AUSYD,36501.85421157882,19581.161016208353,0,False,False,False
1134,AUFRE,AUSYD,36328.15482583968,8756.854302631311,0,False,False,False
1137,AUMEL,NZPCH,36262.57774487995,9903.932562072847,0,False,False,False
1158,MUPLO,REREU,35617.3076816984,7379.676098522114,0,False,False,False
1162,GUAPR,JPNAH,35469.476853813234,19790.69939756452,0,False,False,False
1163,BRMAN,PAMIT,35452.96238656476,23840.842704024035,0,False,False,False
1191,JPYOK,USTAC,34560.81371141018,14162.426357561377,0,False,False,False
1193,BRIJI,BRPAR,34501.85926885344,20000.98921631824,0,False,False,False
1203,AUBRI,NZAKL,34220.43490139978,19489.516754907123,0,False,False,False
1231,BRMAN,BRSUA,33380.221870712994,17701.769605637717,0,False,False,False
1237,AUSYD,REREU,33235.085472029765,13619.165752728863,0,False,False,False
1238,KRGWA,USOAK,33204.322073425006,0.0,0,False,False,False
1239,AOLUA,BRPAR,33169.52690740582,11120.973530560748,0,False,False,False
1248,USLGB,USPTD,32831.28825348531,0.0,0,False,False,False
1249,BRIOA,BRPAR,32816.05379701018,18205.585134128964,0,False,False,False
1284,CANWE,PFPAP,31595.613704376945,17263.117936464714,0,False,False,False
1294,ARBNA,BRRGR,31379.168482618352,21809.680410041332,0,False,False,False
1333,NCNOA,PFPAP,29944.63421135577,22788.62018506052,0,False,False,False
1338,CAPRR,CAVCR,29854.576207132,9062.141677657706,0,False,False,False
1356,KRKHN,KRKHN,29228.810874618564,23931.549742096224,0,False,False,False
1372,CAVCR,USOAK,28970.33884615392,23743.09203991908,0,False,False,False
1385,USKOD,USTAC,28656.624774659787,0.0,0,False,False,False
1389,JPNAG,JPOSK,28498.76697118663,17257.339892024276,0,False,False,False
1396,JPOSK,KRBUS,28268.236335625454,4408.12265196282,0,False,False,False
1405,KRMOK,KRMOK,27948.18979920756,22896.26538677712,0,False,False,False
1408,USBAL,USNYK,27933.03776800967,14731.889153893113,0,False,False,False
1416,JPNAG,JPSZU,27757.814351023582,17117.372087061038,0,False,False,False
1422,AOLUA,ZADUR,27618.291011968427,9575.998634766955,0,False,False,False
1456,COCTA,USBAL,26686.364389366277,17116.61104994049,0,False,False,False
1473,AUFRE,AUMEL,26069.621790730263,8841.005890747647,0,False,False,False
1491,KRGWA,USSEA,25855.81622922542,21190.53656078424,0,False,False,False
1504,JPKOB,JPOSK,25597.7028823371,11990.62307608935,0,False,False,False
1506,KROKP,KROKP,25553.82312524469,20943.033412777837,0,False,False,False
1536,JPSZU,JPTOK,24850.536718223088,14739.841721185967,0,False,False,False
1580,JPHKA,KRBUS,23663.547376995288,9443.983867543826,0,False,False,False
1599,AUBRI,NZTAU,23268.665636223657,9799.962363081328,0,False,False,False
1601,CLLIR,CLSAN,23237.349804786834,11702.947914377537,0,False,False,False
1611,CAPRR,USTAC,23029.174049853897,10294.86434959956,0,False,False,False
1625,BRMAN,BRVDC,22733.072037784954,9315.621481156686,0,False,False,False
1689,JPSZU,KRBUS,21622.577061034135,13840.047891548908,0,False,False,False
1698,AUBRI,NCNOA,21456.79450013617,10868.661362416038,0,False,False,False
1713,NZLYT,NZNAP,21140.420786935945,11994.895969424048,0,False,False,False
1715,USDUH,USOAK,21107.97444852085,0.0,0,False,False,False
1748,JPKOB,JPYOK,20597.699793432716,13227.406172964882,0,False,False,False
1762,KRBUS,KRULS,20381.07512170261,11392.441544803156,0,False,False,False
1763,BRITT,BRPEC,20352.742447047156,12172.188748397286,0,False,False,False
1764,USBAL,USCHA,20342.06300529713,11669.768347066418,0,False,False,False
1779,JPKOB,JPMOJ,19971.662364900207,13475.985100292257,0,False,False,False
1791,NZPCH,NZTAU,19685.307710056193,2862.1562635506843,0,False,False,False
1803,GUAPR,JPYOK,19540.4609934947,8702.502079689984,0,False,False,False
1806,AOLUA,CGPNO,19506.28618713923,5256.6560962099375,0,False,False,False
1833,JPHKA,JPOSK,19093.14073568554,12607.28928932858,0,False,False,False
1846,NZTAU,PFPAP,18810.43445899718,11562.288217681516,0,False,False,False
1853,CLMEJ,CLSAN,18760.06286294037,9288.014832239065,0,False,False,False
1898,AUADE,NZTAU,17973.657880611285,9118.937300229047,0,False,False,False
1902,ZADUR,ZADUR,17932.915048700826,6655.335668609093,0,False,False,False
1903,CANWE,JPTOM,17901.460191718994,14666.26338721352,0,False,False,False
1910,KRGWA,KRULS,17806.36430790205,11255.399307435548,0,False,False,False
1911,JPSZU,JPYOK,17806.23674232113,8437.544132523924,0,False,False,False
1914,AUBRI,NZPCH,17777.530246858612,3922.6523455140514,0,False,False,False
1930,JPOSK,JPYOK,17496.932499321836,9010.681589478843,0,False,False,False
1942,JPHKA,JPNAH,17312.134843434695,14188.429523658466,0,False,False,False
