corridor_1,corridor_2,CCI,shared_ports
0,1,0.3191489361702128,15
0,2,0.21951219512195122,9
0,3,0.29411764705882354,15
0,4,0.07894736842105263,3
0,5,0.4473684210526316,17
0,6,0.0,0
0,7,0.0,0
0,8,0.06896551724137931,2
0,9,0.3333333333333333,16
0,10,0.03333333333333333,1
0,11,0.4864864864864865,18
0,12,0.19444444444444445,7
0,13,0.0,0
0,14,0.0,0
0,15,0.0,0
0,16,0.3055555555555556,11
0,17,0.0,0
0,18,0.275,11
0,19,0.18604651162790697,8
0,20,0.2894736842105263,11
0,21,0.20512820512820512,8
0,22,0.06896551724137931,2
0,23,0.08571428571428572,3
0,24,0.3,12
0,25,0.016666666666666666,1
0,26,0.18604651162790697,8
0,27,0.28846153846153844,15
0,28,0.03333333333333333,1
0,29,0.03333333333333333,1
0,30,0.125,4
0,31,0.0,0
0,32,0.06896551724137931,2
0,33,0.2826086956521739,13
0,34,0.0,0
0,35,0.06896551724137931,2
0,36,0.03333333333333333,1
0,37,0.0,0
0,38,0.23529411764705882,12
0,39,0.14705882352941177,5
0,40,0.03333333333333333,1
0,41,0.0,0
0,42,0.0,0
0,43,0.13333333333333333,4
0,44,0.18421052631578946,7
0,45,0.0,0
0,46,0.0,0
0,47,0.0,0
0,48,0.0,0
0,49,0.06666666666666667,2
1,2,0.5882352941176471,20
1,3,0.32075471698113206,17
1,4,0.046511627906976744,2
1,5,0.2826086956521739,13
1,6,0.0,0
1,7,0.0,0
1,8,0.029411764705882353,1
1,9,0.3076923076923077,16
1,10,0.06060606060606061,2
1,11,0.3409090909090909,15
1,12,0.23684210526315788,9
1,13,0.02631578947368421,1
1,14,0.05555555555555555,3
1,15,0.0,0
1,16,0.5,17
1,17,0.06060606060606061,2
1,18,0.4864864864864865,18
1,19,0.25,11
1,20,0.358974358974359,14
1,21,0.18604651162790697,8
1,22,0.06060606060606061,2
1,23,0.05,2
1,24,0.24444444444444444,11
1,25,0.08333333333333333,5
1,26,0.4864864864864865,18
1,27,0.5434782608695652,25
1,28,0.029411764705882353,1
1,29,0.029411764705882353,1
1,30,0.08108108108108109,3
1,31,0.0,0
1,32,0.06060606060606061,2
1,33,0.7027027027027027,26
1,34,0.029411764705882353,1
1,35,0.029411764705882353,1
1,36,0.029411764705882353,1
1,37,0.0,0
1,38,0.45652173913043476,21
1,39,0.30303030303030304,10
1,40,0.029411764705882353,1
1,41,0.029411764705882353,1
1,42,0.029411764705882353,1
1,43,0.15151515151515152,5
1,44,0.16666666666666666,7
1,45,0.0,0
1,46,0.02631578947368421,1
1,47,0.0,0
1,48,0.0,0
1,49,0.058823529411764705,2
2,3,0.20833333333333334,10
2,4,0.1,3
2,5,0.20512820512820512,8
2,6,0.0,0
2,7,0.0,0
2,8,0.045454545454545456,1
2,9,0.24444444444444444,11
2,10,0.09523809523809523,2
2,11,0.175,7
2,12,0.25,7
2,13,0.038461538461538464,1
2,14,0.046511627906976744,2
2,15,0.0,0
2,16,0.625,15
2,17,0.045454545454545456,1
2,18,0.4827586206896552,14
2,19,0.19444444444444445,7
2,20,0.28125,9
2,21,0.14705882352941177,5
2,22,0.09523809523809523,2
2,23,0.07142857142857142,2
2,24,0.15789473684210525,6
2,25,0.06,3
2,26,0.6538461538461539,17
2,27,0.37209302325581395,16
2,28,0.045454545454545456,1
2,29,0.0,0
2,30,0.07692307692307693,2
2,31,0.0,0
2,32,0.09523809523809523,2
2,33,0.5454545454545454,18
2,34,0.045454545454545456,1
2,35,0.045454545454545456,1
2,36,0.045454545454545456,1
2,37,0.0,0
2,38,0.4864864864864865,18
2,39,0.34782608695652173,8
2,40,0.045454545454545456,1
2,41,0.0,0
2,42,0.0,0
2,43,0.18181818181818182,4
2,44,0.15625,5
2,45,0.0,0
2,46,0.0,0
2,47,0.0,0
2,48,0.0,0
2,49,0.09090909090909091,2
3,4,0.11363636363636363,5
3,5,0.26,13
3,6,0.0,0
3,7,0.0,0
3,8,0.05405405405405406,2
3,9,0.4117647058823529,21
3,10,0.05405405405405406,2
3,11,0.23529411764705882,12
3,12,0.18604651162790697,8
3,13,0.023809523809523808,1
3,14,0.05172413793103448,3
3,15,0.0,0
3,16,0.1702127659574468,8
3,17,0.0,0
3,18,0.22916666666666666,11
3,19,0.22916666666666666,11
3,20,0.2391304347826087,11
3,21,0.1702127659574468,8
3,22,0.02631578947368421,1
3,23,0.15,6
3,24,0.30434782608695654,14
3,25,0.06153846153846154,4
3,26,0.22916666666666666,11
3,27,0.29310344827586204,17
3,28,0.02631578947368421,1
3,29,0.05405405405405406,2
3,30,0.15789473684210525,6
3,31,0.0,0
3,32,0.05405405405405406,2
3,33,0.2641509433962264,14
3,34,0.0,0
3,35,0.02631578947368421,1
3,36,0.05405405405405406,2
3,37,0.0,0
3,38,0.2033898305084746,12
3,39,0.14634146341463414,6
3,40,0.02631578947368421,1
3,41,0.0,0
3,42,0.0,0
3,43,0.10526315789473684,4
3,44,0.20454545454545456,9
3,45,0.0,0
3,46,0.0,0
3,47,0.0,0
3,48,0.0,0
3,49,0.05263157894736842,2
4,5,0.02702702702702703,1
4,6,0.0,0
4,7,0.0,0
4,8,0.07692307692307693,1
4,9,0.044444444444444446,2
4,10,0.07692307692307693,1
4,11,0.08571428571428572,3
4,12,0.08333333333333333,2
4,13,0.0,0
4,14,0.0,0
4,15,0.0,0
4,16,0.07142857142857142,2
4,17,0.0,0
4,18,0.0967741935483871,3
4,19,0.030303030303030304,1
4,20,0.14285714285714285,4
4,21,0.2,5
4,22,0.07692307692307693,1
4,23,0.10526315789473684,2
4,24,0.06060606060606061,2
4,25,0.023255813953488372,1
4,26,0.1724137931034483,5
4,27,0.13636363636363635,6
4,28,0.07692307692307693,1
4,29,0.0,0
4,30,0.05555555555555555,1
4,31,0.0,0
4,32,0.16666666666666666,2
4,33,0.13513513513513514,5
4,34,0.0,0
4,35,0.07692307692307693,1
4,36,0.07692307692307693,1
4,37,0.0,0
4,38,0.06976744186046512,3
4,39,0.1,2
4,40,0.07692307692307693,1
4,41,0.0,0
4,42,0.0,0
4,43,0.0,0
4,44,0.07692307692307693,2
4,45,0.0,0
4,46,0.0,0
4,47,0.0,0
4,48,0.0,0
4,49,0.07142857142857142,1
5,6,0.0,0
5,7,0.0,0
5,8,0.07692307692307693,2
5,9,0.2978723404255319,14
5,10,0.037037037037037035,1
5,11,0.3684210526315789,14
5,12,0.14285714285714285,5
5,13,0.0,0
5,14,0.02040816326530612,1
5,15,0.0,0
5,16,0.3333333333333333,11
5,17,0.037037037037037035,1
5,18,0.2631578947368421,10
5,19,0.2,8
5,20,0.21052631578947367,8
5,21,0.1282051282051282,5
5,22,0.07692307692307693,2
5,23,0.12903225806451613,4
5,24,0.225,9
5,25,0.017543859649122806,1
5,26,0.17073170731707318,7
5,27,0.23076923076923078,12
5,28,0.037037037037037035,1
5,29,0.037037037037037035,1
5,30,0.17857142857142858,5
5,31,0.0,0
5,32,0.037037037037037035,1
5,33,0.2727272727272727,12
5,34,0.037037037037037035,1
5,35,0.07692307692307693,2
5,36,0.037037037037037035,1
5,37,0.0,0
5,38,0.25,12
5,39,0.09090909090909091,3
5,40,0.037037037037037035,1
5,41,0.0,0
5,42,0.0,0
5,43,0.14814814814814814,4
5,44,0.10526315789473684,4
5,45,0.0,0
5,46,0.0,0
5,47,0.0,0
5,48,0.0,0
5,49,0.03571428571428571,1
6,7,0.25,2
6,8,0.0,0
6,9,0.0,0
6,10,0.0,0
6,11,0.0,0
6,12,0.0,0
6,13,0.08333333333333333,1
6,14,0.03333333333333333,1
6,15,0.3157894736842105,6
6,16,0.0,0
6,17,0.0,0
6,18,0.0,0
6,19,0.0,0
6,20,0.0,0
6,21,0.0,0
6,22,0.0,0
6,23,0.0,0
6,24,0.0,0
6,25,0.05405405405405406,2
6,26,0.0,0
6,27,0.0,0
6,28,0.0,0
6,29,0.0,0
6,30,0.0,0
6,31,0.125,1
6,32,0.0,0
6,33,0.0,0
6,34,0.0,0
6,35,0.0,0
6,36,0.0,0
6,37,0.25,2
6,38,0.025,1
6,39,0.0,0
6,40,0.0,0
6,41,0.125,1
6,42,0.0,0
6,43,0.0,0
6,44,0.0,0
6,45,0.3333333333333333,4
6,46,0.3,3
6,47,0.16666666666666666,2
6,48,0.1111111111111111,1
6,49,0.0,0
7,8,0.0,0
7,9,0.0,0
7,10,0.0,0
7,11,0.0,0
7,12,0.0,0
7,13,0.0,0
7,14,0.038461538461538464,1
7,15,0.16666666666666666,3
7,16,0.0,0
7,17,0.0,0
7,18,0.0,0
7,19,0.0,0
7,20,0.0,0
7,21,0.0,0
7,22,0.0,0
7,23,0.0,0
7,24,0.0,0
7,25,0.06060606060606061,2
7,26,0.0,0
7,27,0.0,0
7,28,0.0,0
7,29,0.0,0
7,30,0.0,0
7,31,0.25,1
7,32,0.0,0
7,33,0.0,0
7,34,0.0,0
7,35,0.0,0
7,36,0.0,0
7,37,0.5,2
7,38,0.027777777777777776,1
7,39,0.0,0
7,40,0.0,0
7,41,0.25,1
7,42,0.0,0
7,43,0.0,0
7,44,0.0,0
7,45,0.0,0
7,46,0.0,0
7,47,0.0,0
7,48,0.2,1
7,49,0.0,0
8,9,0.027777777777777776,1
8,10,0.3333333333333333,1
8,11,0.037037037037037035,1
8,12,0.14285714285714285,2
8,13,0.0,0
8,14,0.0,0
8,15,0.0,0
8,16,0.05263157894736842,1
8,17,0.0,0
8,18,0.043478260869565216,1
8,19,0.0,0
8,20,0.047619047619047616,1
8,21,0.0,0
8,22,0.3333333333333333,1
8,23,0.1,1
8,24,0.0,0
8,25,0.0,0
8,26,0.043478260869565216,1
8,27,0.0,0
8,28,0.3333333333333333,1
8,29,0.0,0
8,30,0.125,1
8,31,0.0,0
8,32,0.3333333333333333,1
8,33,0.03225806451612903,1
8,34,0.0,0
8,35,0.3333333333333333,1
8,36,0.3333333333333333,1
8,37,0.0,0
8,38,0.058823529411764705,2
8,39,0.09090909090909091,1
8,40,0.3333333333333333,1
8,41,0.0,0
8,42,0.0,0
8,43,0.0,0
8,44,0.0,0
8,45,0.0,0
8,46,0.0,0
8,47,0.0,0
8,48,0.0,0
8,49,0.0,0
9,10,0.05714285714285714,2
9,11,0.22,11
9,12,0.1951219512195122,8
9,13,0.025,1
9,14,0.017241379310344827,1
9,15,0.0,0
9,16,0.23255813953488372,10
9,17,0.0,0
9,18,0.2391304347826087,11
9,19,0.16326530612244897,8
9,20,0.1702127659574468,8
9,21,0.08163265306122448,4
9,22,0.05714285714285714,2
9,23,0.1891891891891892,7
9,24,0.23404255319148937,11
9,25,0.046875,3
9,26,0.16326530612244897,8
9,27,0.21666666666666667,13
9,28,0.027777777777777776,1
9,29,0.027777777777777776,1
9,30,0.16666666666666666,6
9,31,0.0,0
9,32,0.05714285714285714,2
9,33,0.27450980392156865,14
9,34,0.0,0
9,35,0.027777777777777776,1
9,36,0.027777777777777776,1
9,37,0.0,0
9,38,0.1896551724137931,11
9,39,0.125,5
9,40,0.027777777777777776,1
9,41,0.0,0
9,42,0.0,0
9,43,0.08108108108108109,3
9,44,0.13333333333333333,6
9,45,0.0,0
9,46,0.0,0
9,47,0.0,0
9,48,0.0,0
9,49,0.05555555555555555,2
10,11,0.037037037037037035,1
10,12,0.06666666666666667,1
10,13,0.14285714285714285,1
10,14,0.04,1
10,15,0.0,0
10,16,0.1111111111111111,2
10,17,0.0,0
10,18,0.043478260869565216,1
10,19,0.0,0
10,20,0.047619047619047616,1
10,21,0.0,0
10,22,0.3333333333333333,1
10,23,0.1,1
10,24,0.0,0
10,25,0.030303030303030304,1
10,26,0.043478260869565216,1
10,27,0.0,0
10,28,0.3333333333333333,1
10,29,0.0,0
10,30,0.125,1
10,31,0.0,0
10,32,0.3333333333333333,1
10,33,0.06666666666666667,2
10,34,0.0,0
10,35,0.3333333333333333,1
10,36,0.3333333333333333,1
10,37,0.0,0
10,38,0.058823529411764705,2
10,39,0.09090909090909091,1
10,40,0.3333333333333333,1
10,41,0.0,0
10,42,0.0,0
10,43,0.0,0
10,44,0.0,0
10,45,0.0,0
10,46,0.0,0
10,47,0.0,0
10,48,0.0,0
10,49,0.0,0
11,12,0.17647058823529413,6
11,13,0.0,0
11,14,0.041666666666666664,2
11,15,0.0,0
11,16,0.29411764705882354,10
11,17,0.07692307692307693,2
11,18,0.2972972972972973,11
11,19,0.2631578947368421,10
11,20,0.3142857142857143,11
11,21,0.1891891891891892,7
11,22,0.07692307692307693,2
11,23,0.09375,3
11,24,0.2894736842105263,11
11,25,0.05454545454545454,3
11,26,0.23076923076923078,9
11,27,0.30612244897959184,15
11,28,0.037037037037037035,1
11,29,0.07692307692307693,2
11,30,0.13793103448275862,4
11,31,0.0,0
11,32,0.07692307692307693,2
11,33,0.3333333333333333,14
11,34,0.037037037037037035,1
11,35,0.07692307692307693,2
11,36,0.037037037037037035,1
11,37,0.0,0
11,38,0.22448979591836735,11
11,39,0.125,4
11,40,0.037037037037037035,1
11,41,0.037037037037037035,1
11,42,0.037037037037037035,1
11,43,0.10714285714285714,3
11,44,0.23529411764705882,8
11,45,0.0,0
11,46,0.03225806451612903,1
11,47,0.0,0
11,48,0.0,0
11,49,0.07407407407407407,2
12,13,0.0,0
12,14,0.02702702702702703,1
12,15,0.0,0
12,16,0.23076923076923078,6
12,17,0.0,0
12,18,0.2857142857142857,8
12,19,0.2,6
12,20,0.21428571428571427,6
12,21,0.18518518518518517,5
12,22,0.14285714285714285,2
12,23,0.09523809523809523,2
12,24,0.15625,5
12,25,0.06976744186046512,3
12,26,0.2,6
12,27,0.13043478260869565,6
12,28,0.06666666666666667,1
12,29,0.0,0
12,30,0.05,1
12,31,0.0,0
12,32,0.14285714285714285,2
12,33,0.2571428571428571,9
12,34,0.0,0
12,35,0.06666666666666667,1
12,36,0.06666666666666667,1
12,37,0.0,0
12,38,0.23076923076923078,9
12,39,0.2,4
12,40,0.14285714285714285,2
12,41,0.0,0
12,42,0.0,0
12,43,0.11764705882352941,2
12,44,0.2,5
12,45,0.0,0
12,46,0.0,0
12,47,0.0,0
12,48,0.0,0
12,49,0.21428571428571427,3
13,14,0.034482758620689655,1
13,15,0.09090909090909091,2
13,16,0.043478260869565216,1
13,17,0.0,0
13,18,0.0,0
13,19,0.0,0
13,20,0.0,0
13,21,0.0,0
13,22,0.0,0
13,23,0.0,0
13,24,0.0,0
13,25,0.05555555555555555,2
13,26,0.0,0
13,27,0.0,0
13,28,0.0,0
13,29,0.0,0
13,30,0.0,0
13,31,0.0,0
13,32,0.0,0
13,33,0.02857142857142857,1
13,34,0.0,0
13,35,0.0,0
13,36,0.0,0
13,37,0.0,0
13,38,0.02564102564102564,1
13,39,0.0,0
13,40,0.0,0
13,41,0.0,0
13,42,0.0,0
13,43,0.0,0
13,44,0.0,0
13,45,0.15384615384615385,2
13,46,0.09090909090909091,1
13,47,0.3,3
13,48,0.125,1
13,49,0.0,0
14,15,0.23529411764705882,8
14,16,0.05,2
14,17,0.08333333333333333,2
14,18,0.022222222222222223,1
14,19,0.06976744186046512,3
14,20,0.0,0
14,21,0.05,2
14,22,0.0,0
14,23,0.0,0
14,24,0.0,0
14,25,0.4,16
14,26,0.045454545454545456,2
14,27,0.01639344262295082,1
14,28,0.04,1
14,29,0.0,0
14,30,0.0,0
14,31,0.08333333333333333,2
14,32,0.0,0
14,33,0.058823529411764705,3
14,34,0.08333333333333333,2
14,35,0.0,0
14,36,0.04,1
14,37,0.038461538461538464,1
14,38,0.09433962264150944,5
14,39,0.0,0
14,40,0.0,0
14,41,0.08333333333333333,2
14,42,0.08333333333333333,2
14,43,0.0,0
14,44,0.05263157894736842,2
14,45,0.03125,1
14,46,0.034482758620689655,1
14,47,0.03333333333333333,1
14,48,0.0,0
14,49,0.0,0
15,16,0.0,0
15,17,0.0,0
15,18,0.0,0
15,19,0.02564102564102564,1
15,20,0.0,0
15,21,0.0,0
15,22,0.0,0
15,23,0.0,0
15,24,0.0,0
15,25,0.21951219512195122,9
15,26,0.0,0
15,27,0.0,0
15,28,0.05263157894736842,1
15,29,0.0,0
15,30,0.0,0
15,31,0.1111111111111111,2
15,32,0.0,0
15,33,0.0,0
15,34,0.0,0
15,35,0.0,0
15,36,0.0,0
15,37,0.16666666666666666,3
15,38,0.061224489795918366,3
15,39,0.0,0
15,40,0.0,0
15,41,0.05263157894736842,1
15,42,0.05263157894736842,1
15,43,0.0,0
15,44,0.0,0
15,45,0.17391304347826086,4
15,46,0.14285714285714285,3
15,47,0.13636363636363635,3
15,48,0.16666666666666666,3
15,49,0.0,0
16,17,0.05263157894736842,1
16,18,0.42857142857142855,12
16,19,0.25,8
16,20,0.3103448275862069,9
16,21,0.16129032258064516,5
16,22,0.1111111111111111,2
16,23,0.08,2
16,24,0.24242424242424243,8
16,25,0.06382978723404255,3
16,26,0.48148148148148145,13
16,27,0.2727272727272727,12
16,28,0.05263157894736842,1
16,29,0.05263157894736842,1
16,30,0.08695652173913043,2
16,31,0.0,0
16,32,0.1111111111111111,2
16,33,0.45454545454545453,15
16,34,0.05263157894736842,1
16,35,0.05263157894736842,1
16,36,0.05263157894736842,1
16,37,0.0,0
16,38,0.4444444444444444,16
16,39,0.21739130434782608,5
16,40,0.05263157894736842,1
16,41,0.0,0
16,42,0.0,0
16,43,0.21052631578947367,4
16,44,0.21428571428571427,6
16,45,0.0,0
16,46,0.0,0
16,47,0.0,0
16,48,0.0,0
16,49,0.10526315789473684,2
17,18,0.043478260869565216,1
17,19,0.0,0
17,20,0.0,0
17,21,0.0,0
17,22,0.0,0
17,23,0.0,0
17,24,0.0,0
17,25,0.0625,2
17,26,0.09090909090909091,2
17,27,0.02564102564102564,1
17,28,0.0,0
17,29,0.0,0
17,30,0.0,0
17,31,0.0,0
17,32,0.0,0
17,33,0.06666666666666667,2
17,34,0.3333333333333333,1
17,35,0.0,0
17,36,0.0,0
17,37,0.0,0
17,38,0.058823529411764705,2
17,39,0.0,0
17,40,0.0,0
17,41,0.3333333333333333,1
17,42,0.3333333333333333,1
17,43,0.0,0
17,44,0.0,0
17,45,0.0,0
17,46,0.14285714285714285,1
17,47,0.0,0
17,48,0.0,0
17,49,0.0,0
18,19,0.29411764705882354,10
18,20,0.4482758620689655,13
18,21,0.17647058823529413,6
18,22,0.09090909090909091,2
18,23,0.06896551724137931,2
18,24,0.36363636363636365,12
18,25,0.058823529411764705,3
18,26,0.5172413793103449,15
18,27,0.3953488372093023,17
18,28,0.043478260869565216,1
18,29,0.0,0
18,30,0.11538461538461539,3
18,31,0.0,0
18,32,0.09090909090909091,2
18,33,0.5294117647058824,18
18,34,0.043478260869565216,1
18,35,0.043478260869565216,1
18,36,0.043478260869565216,1
18,37,0.0,0
18,38,0.3333333333333333,14
18,39,0.28,7
18,40,0.043478260869565216,1
18,41,0.0,0
18,42,0.0,0
18,43,0.125,3
18,44,0.26666666666666666,8
18,45,0.0,0
18,46,0.0,0
18,47,0.0,0
18,48,0.0,0
18,49,0.08695652173913043,2
19,20,0.3125,10
19,21,0.17647058823529413,6
19,22,0.043478260869565216,1
19,23,0.06896551724137931,2
19,24,0.5517241379310345,16
19,25,0.058823529411764705,3
19,26,0.1891891891891892,7
19,27,0.22448979591836735,11
19,28,0.0,0
19,29,0.043478260869565216,1
19,30,0.11538461538461539,3
19,31,0.0,0
19,32,0.043478260869565216,1
19,33,0.23809523809523808,10
19,34,0.0,0
19,35,0.0,0
19,36,0.0,0
19,37,0.0,0
19,38,0.16666666666666666,8
19,39,0.10344827586206896,3
19,40,0.0,0
19,41,0.0,0
19,42,0.0,0
19,43,0.08,2
19,44,0.35714285714285715,10
19,45,0.0,0
19,46,0.0,0
19,47,0.0,0
19,48,0.0,0
19,49,0.08695652173913043,2
20,21,0.22580645161290322,7
20,22,0.1,2
20,23,0.07407407407407407,2
20,24,0.3870967741935484,12
20,25,0.0196078431372549,1
20,26,0.3125,10
20,27,0.3488372093023256,15
20,28,0.047619047619047616,1
20,29,0.0,0
20,30,0.125,3
20,31,0.0,0
20,32,0.1,2
20,33,0.3157894736842105,12
20,34,0.0,0
20,35,0.047619047619047616,1
20,36,0.047619047619047616,1
20,37,0.0,0
20,38,0.22727272727272727,10
20,39,0.25,6
20,40,0.047619047619047616,1
20,41,0.0,0
20,42,0.0,0
20,43,0.13636363636363635,3
20,44,0.3333333333333333,9
20,45,0.0,0
20,46,0.0,0
20,47,0.0,0
20,48,0.0,0
20,49,0.09523809523809523,2
21,22,0.0,0
21,23,0.038461538461538464,1
21,24,0.17142857142857143,6
21,25,0.1111111111111111,5
21,26,0.21212121212121213,7
21,27,0.24444444444444444,11
21,28,0.0,0
21,29,0.0,0
21,30,0.041666666666666664,1
21,31,0.0,0
21,32,0.05263157894736842,1
21,33,0.17073170731707318,7
21,34,0.0,0
21,35,0.0,0
21,36,0.0,0
21,37,0.0,0
21,38,0.13043478260869565,6
21,39,0.12,3
21,40,0.0,0
21,41,0.0,0
21,42,0.0,0
21,43,0.15,3
21,44,0.1724137931034483,5
21,45,0.0,0
21,46,0.0,0
21,47,0.0,0
21,48,0.0,0
21,49,0.16666666666666666,3
22,23,0.1,1
22,24,0.041666666666666664,1
22,25,0.0,0
22,26,0.043478260869565216,1
22,27,0.0,0
22,28,0.3333333333333333,1
22,29,0.0,0
22,30,0.125,1
22,31,0.0,0
22,32,0.3333333333333333,1
22,33,0.06666666666666667,2
22,34,0.0,0
22,35,0.3333333333333333,1
22,36,0.3333333333333333,1
22,37,0.0,0
22,38,0.058823529411764705,2
22,39,0.09090909090909091,1
22,40,0.3333333333333333,1
22,41,0.0,0
22,42,0.0,0
22,43,0.0,0
22,44,0.058823529411764705,1
22,45,0.0,0
22,46,0.0,0
22,47,0.0,0
22,48,0.0,0
22,49,0.0,0
23,24,0.06666666666666667,2
23,25,0.025,1
23,26,0.06896551724137931,2
23,27,0.021739130434782608,1
23,28,0.1,1
23,29,0.0,0
23,30,0.23076923076923078,3
23,31,0.0,0
23,32,0.2222222222222222,2
23,33,0.05405405405405406,2
23,34,0.0,0
23,35,0.1,1
23,36,0.1,1
23,37,0.0,0
23,38,0.04878048780487805,2
23,39,0.11764705882352941,2
23,40,0.1,1
23,41,0.0,0
23,42,0.0,0
23,43,0.0,0
23,44,0.041666666666666664,1
23,45,0.0,0
23,46,0.0,0
23,47,0.0,0
23,48,0.0,0
23,49,0.09090909090909091,1
24,25,0.018518518518518517,1
24,26,0.18421052631578946,7
24,27,0.2978723404255319,14
24,28,0.0,0
24,29,0.041666666666666664,1
24,30,0.1111111111111111,3
24,31,0.0,0
24,32,0.041666666666666664,1
24,33,0.2619047619047619,11
24,34,0.0,0
24,35,0.0,0
24,36,0.0,0
24,37,0.0,0
24,38,0.16326530612244897,8
24,39,0.13793103448275862,4
24,40,0.0,0
24,41,0.0,0
24,42,0.0,0
24,43,0.07692307692307693,2
24,44,0.39285714285714285,11
24,45,0.0,0
24,46,0.0,0
24,47,0.0,0
24,48,0.0,0
24,49,0.08333333333333333,2
25,26,0.08,4
25,27,0.029411764705882353,2
25,28,0.030303030303030304,1
25,29,0.0,0
25,30,0.0,0
25,31,0.0625,2
25,32,0.030303030303030304,1
25,33,0.08771929824561403,5
25,34,0.030303030303030304,1
25,35,0.0,0
25,36,0.0,0
25,37,0.06060606060606061,2
25,38,0.13793103448275862,8
25,39,0.024390243902439025,1
25,40,0.0,0
25,41,0.0625,2
25,42,0.0625,2
25,43,0.027777777777777776,1
25,44,0.06666666666666667,3
25,45,0.025,1
25,46,0.05555555555555555,2
25,47,0.02631578947368421,1
25,48,0.029411764705882353,1
25,49,0.029411764705882353,1
26,27,0.3953488372093023,17
26,28,0.043478260869565216,1
26,29,0.0,0
26,30,0.07407407407407407,2
26,31,0.0,0
26,32,0.09090909090909091,2
26,33,0.4857142857142857,17
26,34,0.043478260869565216,1
26,35,0.043478260869565216,1
26,36,0.043478260869565216,1
26,37,0.0,0
26,38,0.4358974358974359,17
26,39,0.28,7
26,40,0.043478260869565216,1
26,41,0.043478260869565216,1
26,42,0.043478260869565216,1
26,43,0.17391304347826086,4
26,44,0.1875,6
26,45,0.0,0
26,46,0.037037037037037035,1
26,47,0.0,0
26,48,0.0,0
26,49,0.08695652173913043,2
27,28,0.0,0
27,29,0.02564102564102564,1
27,30,0.07142857142857142,3
27,31,0.0,0
27,32,0.02564102564102564,1
27,33,0.5454545454545454,24
27,34,0.02564102564102564,1
27,35,0.0,0
27,36,0.0,0
27,37,0.0,0
27,38,0.3333333333333333,18
27,39,0.2,8
27,40,0.0,0
27,41,0.0,0
27,42,0.0,0
27,43,0.10256410256410256,4
27,44,0.17391304347826086,8
27,45,0.0,0
27,46,0.0,0
27,47,0.0,0
27,48,0.0,0
27,49,0.05128205128205128,2
28,29,0.0,0
28,30,0.125,1
28,31,0.3333333333333333,1
28,32,0.3333333333333333,1
28,33,0.03225806451612903,1
28,34,0.0,0
28,35,0.3333333333333333,1
28,36,0.3333333333333333,1
28,37,0.0,0
28,38,0.058823529411764705,2
28,39,0.09090909090909091,1
28,40,0.3333333333333333,1
28,41,0.0,0
28,42,0.3333333333333333,1
28,43,0.0,0
28,44,0.0,0
28,45,0.0,0
28,46,0.0,0
28,47,0.0,0
28,48,0.0,0
28,49,0.0,0
29,30,0.0,0
29,31,0.0,0
29,32,0.0,0
29,33,0.0,0
29,34,0.0,0
29,35,0.0,0
29,36,0.0,0
29,37,0.0,0
29,38,0.02857142857142857,1
29,39,0.0,0
29,40,0.0,0
29,41,0.0,0
29,42,0.0,0
29,43,0.0,0
29,44,0.058823529411764705,1
29,45,0.0,0
29,46,0.0,0
29,47,0.0,0
29,48,0.0,0
29,49,0.0,0
30,31,0.0,0
30,32,0.125,1
30,33,0.08823529411764706,3
30,34,0.0,0
30,35,0.125,1
30,36,0.125,1
30,37,0.0,0
30,38,0.05128205128205128,2
30,39,0.13333333333333333,2
30,40,0.125,1
30,41,0.0,0
30,42,0.0,0
30,43,0.09090909090909091,1
30,44,0.045454545454545456,1
30,45,0.0,0
30,46,0.0,0
30,47,0.0,0
30,48,0.0,0
30,49,0.0,0
31,32,0.0,0
31,33,0.0,0
31,34,0.0,0
31,35,0.0,0
31,36,0.0,0
31,37,0.25,1
31,38,0.058823529411764705,2
31,39,0.0,0
31,40,0.0,0
31,41,0.3333333333333333,1
31,42,0.3333333333333333,1
31,43,0.0,0
31,44,0.0,0
31,45,0.0,0
31,46,0.0,0
31,47,0.0,0
31,48,0.0,0
31,49,0.0,0
32,33,0.06666666666666667,2
32,34,0.0,0
32,35,0.3333333333333333,1
32,36,0.3333333333333333,1
32,37,0.0,0
32,38,0.058823529411764705,2
32,39,0.2,2
32,40,0.3333333333333333,1
32,41,0.0,0
32,42,0.0,0
32,43,0.0,0
32,44,0.058823529411764705,1
32,45,0.0,0
32,46,0.0,0
32,47,0.0,0
32,48,0.0,0
32,49,0.25,1
33,34,0.03225806451612903,1
33,35,0.03225806451612903,1
33,36,0.03225806451612903,1
33,37,0.0,0
33,38,0.45454545454545453,20
33,39,0.25,8
33,40,0.03225806451612903,1
33,41,0.03225806451612903,1
33,42,0.03225806451612903,1
33,43,0.16666666666666666,5
33,44,0.1794871794871795,7
33,45,0.0,0
33,46,0.02857142857142857,1
33,47,0.0,0
33,48,0.0,0
33,49,0.06451612903225806,2
34,35,0.0,0
34,36,0.0,0
34,37,0.0,0
34,38,0.02857142857142857,1
34,39,0.0,0
34,40,0.0,0
34,41,0.0,0
34,42,0.0,0
34,43,0.0,0
34,44,0.0,0
34,45,0.1,1
34,46,0.0,0
34,47,0.125,1
34,48,0.0,0
34,49,0.0,0
35,36,0.3333333333333333,1
35,37,0.0,0
35,38,0.02857142857142857,1
35,39,0.09090909090909091,1
35,40,0.3333333333333333,1
35,41,0.0,0
35,42,0.0,0
35,43,0.0,0
35,44,0.0,0
35,45,0.0,0
35,46,0.0,0
35,47,0.0,0
35,48,0.0,0
35,49,0.0,0
36,37,0.0,0
36,38,0.02857142857142857,1
36,39,0.09090909090909091,1
36,40,0.3333333333333333,1
36,41,0.0,0
36,42,0.0,0
36,43,0.0,0
36,44,0.0,0
36,45,0.0,0
36,46,0.0,0
36,47,0.0,0
36,48,0.0,0
36,49,0.0,0
37,38,0.027777777777777776,1
37,39,0.0,0
37,40,0.0,0
37,41,0.25,1
37,42,0.0,0
37,43,0.0,0
37,44,0.0,0
37,45,0.0,0
37,46,0.0,0
37,47,0.0,0
37,48,0.0,0
37,49,0.0,0
38,39,0.2222222222222222,8
38,40,0.058823529411764705,2
38,41,0.058823529411764705,2
38,42,0.058823529411764705,2
38,43,0.11428571428571428,4
38,44,0.1111111111111111,5
38,45,0.0,0
38,46,0.02564102564102564,1
38,47,0.0,0
38,48,0.0,0
38,49,0.05714285714285714,2
39,40,0.09090909090909091,1
39,41,0.0,0
39,42,0.0,0
39,43,0.15384615384615385,2
39,44,0.13043478260869565,3
39,45,0.0,0
39,46,0.0,0
39,47,0.0,0
39,48,0.0,0
39,49,0.18181818181818182,2
40,41,0.0,0
40,42,0.0,0
40,43,0.0,0
40,44,0.0,0
40,45,0.0,0
40,46,0.0,0
40,47,0.0,0
40,48,0.0,0
40,49,0.0,0
41,42,0.3333333333333333,1
41,43,0.0,0
41,44,0.0,0
41,45,0.0,0
41,46,0.14285714285714285,1
41,47,0.0,0
41,48,0.0,0
41,49,0.0,0
42,43,0.0,0
42,44,0.0,0
42,45,0.0,0
42,46,0.14285714285714285,1
42,47,0.0,0
42,48,0.0,0
42,49,0.0,0
43,44,0.10526315789473684,2
43,45,0.0,0
43,46,0.0,0
43,47,0.0,0
43,48,0.0,0
43,49,0.14285714285714285,1
44,45,0.0,0
44,46,0.0,0
44,47,0.0,0
44,48,0.0,0
44,49,0.11764705882352941,2
45,46,0.36363636363636365,4
45,47,0.45454545454545453,5
45,48,0.09090909090909091,1
45,49,0.0,0
46,47,0.18181818181818182,2
46,48,0.125,1
46,49,0.0,0
47,48,0.1111111111111111,1
47,49,0.0,0
48,49,0.0,0
